id,spatial_representation_type,,,
84246a46-2029-458a-3001-a884b77e52c1,,,,
86198c36-f381-2a52-76a8-4f716dafdf39,,,,
9c85ec9e-63bd-b72f-c9b0-b531155cd22e,,,,
33ffc1e4-065d-35f2-93e4-80d3d829d462,,,,
86a2717b-13f1-6d70-b460-e1011f177dcb,,,,
4f239a0f-a547-9097-974d-77ad953f6ddc,,,,
30e57c32-c9a9-fb04-3523-4a19fcaf0600,,,,
9b39604d-bd79-6d58-6c1f-a4598dd6dfff,,,,
1bff06cc-98e5-4e7e-e0a6-1f204a4e0054,,,,
cf7a2a77-bbb1-0116-0b2e-dbf95dc819f1,,,,
94766e03-3f92-4ba8-d329-2adb0ae4297d,,,,
eaaa6d0d-32cf-e8d7-cd2b-d750685815a8,,,,
c47dc35b-aa22-6599-4a70-e7987ee2f52a,,,,
0b4e8355-7244-8db5-0ef1-0eb4f2347d0c,,,,
d6858863-65a7-aba7-7c12-01f54f6095ca,,,,
fb9c632f-dd0b-c275-ce40-c40eb866b281,,,,
80f7d819-b75d-222e-51ee-cab52768b35d,,,,
fb9d9d41-4c33-4d8b-c340-884bde547ca3,,,,
9041d672-6817-f7ec-f83b-ea60bff4df4e,,,,
d3b5838c-706a-0459-2236-57d73cc527d2,,,,
5ad9d9b5-da24-b90c-5366-079fbb872556,,,,
7ac214d0-617b-61f6-1212-36259260489a,,,,
fa908ce7-263b-9534-88db-eaf94d1dd9cf,,,,
0fa9143b-64c8-ee80-5b3d-f0d5cdd1a5ff,,,,
e814c294-06ab-e4b6-2ed8-74bd20fe27d5,,,,
d072c8c8-68bf-de8e-6889-61dd7e874e04,,,,
e13e8ea6-afef-209d-4eb5-68ab1b41e640,,,,
f43dec60-3451-1979-c1c9-9809753bc214,,,,
311b3f0e-c562-2000-ba16-d205661104d3,,,,
de077539-84cd-96ba-8eea-66acf376f1b7,,,,
aff488e7-946a-674e-be35-e842300e115d,,,,
868883af-9e70-018a-ca4a-cf8b02578921,,,,
510a388c-fa3d-98ea-0898-740a5e801bab,,,,
6664ec28-ed38-7c30-83df-cc6e0a912d17,,,,
917a3951-ca4e-909e-cbc7-46781442007d,,,,
f809bbfd-7079-cade-c21b-3483d2cb204a,,,,
9ffae0ac-dba6-2879-3b95-214a0e5cc7a1,,,,
db073406-aba2-132a-752f-e7903076c0f5,,,,
417130cb-0835-e412-f786-bcaaf1783f8a,,,,
c5d65cb2-0d4b-8a12-9805-8c7e815e6533,,,,
8068021f-c622-120f-0fea-250d99b81495,,,,
8e03370d-260a-9ded-555a-61b955d207c1,,,,
00e90f15-2dbb-8e9b-b1d1-5557136dbebb,,,,
1cb37fe0-16cd-842f-d54b-e15bdc2c2231,,,,
cd6564a7-0ca7-7669-fe93-1ee23b071c30,,,,
368ee7ea-d061-f614-7299-b10d9ba174c6,,,,
52f05f76-b474-e374-9b30-b11cacea8121,,,,
b32b993d-9d05-8895-e89f-e82350160de7,,,,
47487564-1e4d-2f4d-81a5-ef7ad266e974,,,,
8dbc4be2-18c9-fbcd-abbc-f27f0c88ea1f,,,,
bdfffac9-72a3-cdc2-5fc4-a49277dd8c37,,,,
7b7a0780-79d1-280d-1973-97bfab4d00e8,,,,
906a17c0-2aa3-fb69-bbd4-d6980c741b85,,,,
72ad35d7-cf61-7995-732c-486e394594c0,,,,
6ac5555e-7df4-6201-8462-3a2d5c4f1721,,,,
561259db-e788-9015-3272-2617fe04e81f,,,,
009fb81f-cf11-6ac7-bf33-765ff86c87d9,,,,
e9da74a2-4784-c57b-7372-aa347ef8c30e,,,,
44165366-675f-6e51-aca1-12609c7a774b,,,,
a3c37c61-00f4-9d26-5634-fd6b18f88020,,,,
52ebb186-6a2a-babd-540d-4c25fa432551,,,,
ba579146-f9a3-44c3-3723-ca2f95be1d81,,,,
c984b8c9-2e00-a22a-6403-372bea1bd673,,,,
93d0cf0e-55d8-0fe3-1c2c-d6b0c46fdcd5,,,,
26ae3bd8-892b-6f58-07cd-df5b0da4b58e,,,,
12eee62d-49a8-d2bb-865a-bc9cc3921473,,,,
39738376-5cc8-0a38-70c8-9ea0be74d165,,,,
495b2cd5-7569-6975-20cb-de123ce548e4,,,,
61a46300-c5f6-73de-28b9-0746f679bf3d,,,,
d6247ffb-c9fc-bc5b-4fbd-61a7c0f99dee,,,,
07e3e81a-2128-935e-54cb-e637322b5cff,,,,
6ba2220c-e7f5-4d5e-32bc-fdc5191a1cc6,,,,
1b3f616c-bb02-a7d4-1a9f-534530da3d58,,,,
a23f40c8-51f5-2c0d-83f6-16bc46cfd8c5,,,,
dba562ac-3e03-4d6e-24e4-b4671f9f6454,,,,
5ab4c396-6070-be16-d83a-7d203500d06a,,,,
54e26c02-890c-c816-a049-92e9da0ee30d,,,,
dddf100d-8966-776d-40c5-52f7acacf29d,,,,
ad40f6d4-47bb-07f1-65b0-0e0191b50592,,,,
df362abb-5945-7456-36aa-94e26ae8322b,,,,
e49db542-48db-8656-c4d5-f1f32516ddad,,,,
40b7eb96-cb8e-bf66-6cf0-0dd68d0b1bb4,,,,
1a05bf1e-d4a0-0f5d-4416-79ccbfb4d543,,,,
4c7642ab-ab8e-16e8-3850-f5a021ab7a38,,,,
ccc7f8ff-f8ea-e72a-a015-553bf91b6cb8,,,,
0b51274c-0bfe-28d5-dacc-e4e980cf30b3,,,,
04ac9c2c-2bbe-da59-71de-913656cbef07,,,,
e5c28581-0bee-4dbd-d378-0807a3730656,,,,
19fb7276-4710-f67e-4832-28e64224864f,,,,
3d768d7a-bcdd-51c9-5217-b10c75233dad,,,,
ee58d42b-38ab-9cdb-06ef-39248853bfd3,,,,
631e5ea8-7302-a7b3-9b78-b82b7c592de6,,,,
aa96b78c-7503-ea37-f39c-ce8a7642f287,,,,
0e59ec80-4c6f-64c9-11f7-b3d7917c2c60,,,,
cc06d839-c26a-19f1-2428-4b5464670f8a,,,,
ae1e7d34-06a8-63f5-48a5-c8410f6be5d0,,,,
8117f364-366b-39ae-7665-3bce47e8d4a1,,,,
b12ad7e0-a53f-e2da-2c0e-267569804508,,,,
f15e891f-73fe-9e1a-ff32-719cf49404f9,,,,
9c2ff6e4-207d-7a87-93e5-3e0953fd4bec,,,,
f26fbf8f-6522-d63e-23fb-dd9d882b16e5,,,,
d5ecac6b-354d-1356-d7bb-98e9f62e9f74,,,,
d50f86f6-c627-0d07-feab-84408d9ddd95,,,,
45526341-5810-7d3f-5666-da8cd938a2e6,,,,
878d3f23-6499-aac6-2fb2-3ed38e933589,,,,
0260acb5-5263-1cf9-7aeb-0321d31d2365,,,,
3686c2cd-4d9a-9eed-d561-aa82a9b80aec,,,,
549e78c8-19c1-a10a-cce2-2b46ebc63cd0,,,,
1755e048-956b-78ae-5852-38c97138b2b9,,,,
cfbfcfe6-5507-9ea9-9c60-83f595b2defb,,,,
2b673e58-92fe-a04e-66c6-60915cc4e116,,,,
188def3e-74e5-b085-32eb-516cdcfbd3f5,,,,
97541bfd-a467-943b-3642-522bfce2288f,,,,
a55ddcea-74f2-bf35-bfa6-c72eac71c069,,,,
474b3e43-186f-f267-e8bf-ff2c468c1f8e,,,,
64e97b4e-444f-5e71-d478-b5e8740d11ad,,,,
73112b6f-4171-8dfb-2230-d6d22407b4e8,,,,
77daafeb-ae53-437e-9e99-9ec3e9327b15,,,,
200e9a90-7118-f6d9-65c1-0275f6570c89,,,,
7d9258b7-42b6-5dc2-7808-3a7c8496227b,,,,
fd4878a7-2756-beea-7062-011f49342d0c,,,,
61fcfbb2-4a85-2e6c-1791-afb83286169a,,,,
3f624c73-8564-271b-47e2-a3bdecf8b495,,,,
8741a65a-98c9-bcf8-ac50-0bf02058926e,,,,
6cb170a4-88de-5088-952c-c397c8ac4890,,,,
b9ef4ba1-3f41-d797-f66a-09f71568ab25,,,,
3b554463-440d-07a3-a346-53460d3e5209,,,,
8a0f0cc4-fb9e-81e1-d2ab-1ae8c7c1f102,,,,
48ff5949-81de-f643-58c7-02d1da405375,,,,
05e7bef8-271a-6484-8358-b9dc99f78af4,,,,
7629db9e-aa06-82ce-7ab5-9f53b2836c65,,,,
1473ee6e-efca-453e-73f9-96991dfaef00,,,,
1f5b5ae9-22cf-d131-c882-c03821b37d76,,,,
c8a4e370-d250-32b9-39d8-4556f3c80444,,,,
9e20ef30-db45-6bcc-dac8-10f906371898,,,,
cae8945d-7314-4b7d-b93b-5b772578fc27,,,,
af99066d-fd6e-5629-bc87-e0d745bca890,,,,
7483e8ac-f2d9-98d1-b604-c8cbe2c16929,,,,
7b58587b-b619-e290-037f-26bf4a736e2e,,,,
64113f34-f1b2-0913-0517-b524e42cdf91,,,,
de52091e-2882-8ee6-77d9-ad315e77ca57,,,,
b1cae636-5aed-3897-4e1d-ba2a07ab9c44,,,,
e2f443f8-bcd9-b4e4-43d8-66c5969f19c6,,,,
02e987a3-0a0c-b2cb-a07a-5da4f91101ba,,,,
b763295a-1955-99fd-97a7-c3b63565d72e,,,,
fc9bbde2-5339-a674-bf33-1ac40b416809,,,,
4b0b97c7-443d-caa0-7fec-2760e84b2bbc,,,,
a34f6799-7954-3062-96f2-bcba55bea685,,,,
d0cca4cd-4a50-178d-75f9-340e0195e0c7,,,,
333e8f3e-563c-6ba3-c18c-0f2bda99f783,,,,
a317a2ea-4ed8-16a0-90fe-b2c1e73358d6,,,,
643e717e-5b3f-97fa-e05d-efa86c0e724a,,,,
5965d8c6-cbc4-9090-b595-04e95ef23f7f,,,,
280daa44-7193-60ba-65cc-de2364265964,,,,
aaa5863c-99ff-2402-48df-e70d1a377b0c,,,,
67fe7251-f09a-9811-3db0-f28e452b7e27,,,,
8aab3197-9acd-cd72-112b-6623f2c6c046,,,,
ca806c69-20a8-dc11-22ff-c694a10dde34,,,,
e6f56c15-ac73-5b0b-b973-05e529684589,,,,
27bfc144-ebfe-01ce-61ca-022951fe2cf1,,,,
0f0b9e35-6074-a83a-ee5c-abc9433cde57,,,,
4c7385ba-daec-799c-1b7a-532758795790,,,,
771a8faa-3a2f-a183-83c6-7a2df2d397ec,,,,
a8c52fd8-d3d7-7e38-eba9-8e72fb9cfe4d,,,,
33aee96a-0bd7-084a-4b83-aad40e108fb4,,,,
b9af5b9c-d2b1-41ce-4dc6-8cbb3ca449dc,,,,
efcc3c98-5141-9c95-b3c9-67c1e72ca9ac,,,,
43fd77a4-bd40-0a03-96d8-eca161c04520,,,,
6544ed23-48bf-06f1-7863-07859323fad5,,,,
5d6c7980-9f13-9508-3303-2dc084f02b0e,,,,
e1a65701-ae49-dcaf-a008-ab4881e3f388,,,,
000ec033-1a78-661d-d432-6eb8cf840361,,,,
83ccb947-fc36-766d-03bd-5ea49292512b,,,,
bc6f56e1-a80e-1e11-84e1-c3d8e63315e3,,,,
c1740f4b-fc50-f7a8-11f8-8c5cb28a891c,,,,
3c04edc3-ccec-88cd-2698-d5809461f780,,,,
55fd0395-b9a3-1864-2cf7-1034442ecf4d,,,,
bee9902d-f8da-506e-a4ba-c25fe47a205c,,,,
f12edf82-54a5-c0c7-6203-d86824961f3e,,,,
7a77f031-993f-ea84-55d2-9ec6e5219046,,,,
54c43ef4-328a-6b6b-9fc4-738b8cbedb39,,,,
2c3aef05-1e40-6c64-66ad-3ea0a342f344,,,,
9e72d034-971e-d7b7-1f75-a4406d68dc46,,,,
b23b387e-3590-6961-e95a-a8f940d5faac,,,,
9d34b753-09b1-668a-208e-28d595412e36,,,,
df77cdc9-9b34-d843-8df3-db5fba28d204,,,,
70361e7b-2452-abcb-56f7-52120a0c95c0,,,,
21d7ea8e-98fe-950d-e872-37da8d57528b,,,,
23f55a68-0326-b25b-1026-62186549f357,,,,
f1e20deb-dcc1-1065-8ff2-2cd288aff320,,,,
dc0d957d-7df2-bae2-6034-7ed462a82723,,,,
94ae7f17-00e3-3b03-17aa-64f352eefef0,,,,
2f0539fc-d6e3-6ecc-1294-f55d90e50e12,,,,
4249509b-7c0d-d59e-a5c6-6abb4c9b45ca,,,,
3bd8cf88-f7f9-b22d-2a4f-ca8280e5086e,,,,
977a3fe9-e676-53a8-bcf2-dc3fb157b197,,,,
c700642e-80ef-19a1-408a-de48e134d54a,,,,
8fa0740a-9d4b-795b-b25c-9871ac5b4e9c,,,,
d4935570-ff39-d216-3500-c8d1de513dc2,,,,
5f4ba438-2f37-1791-c667-33978ce7129e,,,,
5a670099-83b4-48fa-56b0-41e5220f133f,,,,
a106452c-8787-d3f9-8553-de97e40ad867,,,,
02c38b90-1e5b-c45a-3bd3-12aadaea7dc3,,,,
a6dd2034-dd3e-fb67-7cbe-0a082746dc13,,,,
de6b32d1-0439-b192-1cba-1e6b9d186754,,,,
62ff200e-bd74-591a-bcba-64dd6123321e,,,,
cd163ea0-2a83-eac2-0585-09c5af298e21,,,,
c224ed1c-c6af-df82-d44f-b5524a74c8d0,,,,
c608a1a6-b837-d111-bbde-60aa38ba5410,,,,
532e0dee-e4d1-87a3-6088-abaa414f7f8e,,,,
b6ef0dcd-ed29-b752-b724-5873bb3b720a,,,,
e311f146-8ca5-4aac-1ce6-8f8b95444f32,,,,
b5518921-d27a-02e5-1857-6fc576418930,,,,
aae9cf53-f3e7-7aaa-01ce-944132278d47,,,,
739c5993-72da-c5d3-c9c9-76c7440bcafc,,,,
c979eaae-4c50-b643-e48c-2bd470d298d1,,,,
edc6f2cf-3d1a-c69f-08fa-e9e1fed88957,,,,
75849494-02bf-810a-264b-96bc8b2d5924,,,,
85cf302d-205e-15ce-ea10-f0d0bde08f14,,,,
00b80f4e-2180-be65-b4c7-9a359e7dbde3,,,,
a8658d17-bd53-f20c-42b7-378f05faa9bc,,,,
b44c20f1-b08e-c7af-4244-eb74bf0386de,,,,
cf7e5fe1-656e-a449-c781-c56ceccd34f8,vector,,,
a43ed9ca-1f6d-063a-6bc7-66dc422c363e,,,,
27848617-4233-3748-a995-318af72d47aa,,,,
53398a85-bbd4-61fa-6014-61c77c48ece9,,,,
e926daf3-8a7b-65e4-5c78-3ecf62970435,,,,
c1404703-56d5-68b4-255f-d1f3252fa325,,,,
5732abb5-87fa-42b7-2f4d-02644355b424,,,,
6ea26953-3bc6-d38a-e606-9f6d1f81741e,,,,
f3d41ca4-f7c3-61c7-b281-7fe5899cb723,,,,
248ab7c3-97e0-fb9d-290f-09e017cd0c5c,,,,
7cec60d9-88c4-2f9d-5fc4-9c3a4f76b0cd,,,,
0eeb91a2-7e51-b3d5-827d-6a02450b498f,,,,
35e155aa-a236-951c-8cb8-bbee428065bb,,,,
9288388f-53c2-59f5-7964-c965a7afab74,,,,
650abd47-995d-0110-fd00-78f752340ee7,,,,
5f6f2f7d-ccbc-39ef-89d1-336df42631cb,,,,
025e8c98-a2c9-deb2-984a-1410819be475,,,,
2613026c-ad23-35e8-5541-b4ec9c24c8d6,,,,
876f7f9a-6fe1-f229-dc3b-1029e6682c13,,,,
27b66771-93f9-981c-3194-7628fd56f86e,,,,
d338e9c9-df9b-821a-0439-61bbcf1d57dc,,,,
f371b639-e0df-520f-7337-8ef2db6a778a,,,,
3b9fe69f-ebb6-b13b-947e-0bd94b4493c6,,,,
2df35aa9-9c60-9565-393b-e99adac3f12a,,,,
7216c02f-9e41-1e5e-bc5b-bc2653d9bb13,,,,
4794734d-2a18-e787-dbc6-044866ef4637,,,,
47466568-c38d-8bb9-26d9-331079dad727,,,,
53977bb8-f368-1ffd-9bcf-7bffa7ea7df3,,,,
f77dc929-5ff0-ddcc-30a0-c9773212484f,,,,
b516b6b4-2f9e-7b28-d235-8d1d0ea7a7cd,,,,
8ed02f50-ccc8-b363-f118-17e23f20ac75,,,,
e070b643-267a-78f6-d7fc-fecb7be1b801,,,,
0b1a9d6e-cdb9-f14a-c520-49c3fe32dba3,,,,
5c273885-4d6f-0866-82af-8ee01b60adaf,,,,
1faeefeb-b613-1568-9618-022242bf3238,,,,
93bcfcde-4e1b-d3b9-c37d-0a5dc92ae405,,,,
c9fdd203-feee-98a4-1d9c-f07c5797219b,,,,
6e5d8eac-3d4d-582a-4653-a51361f9abe0,,,,
1c7dc2c1-79a6-4850-883a-2acd9116ab5a,,,,
932c282e-45ae-2ad7-17ac-778315f0b7ab,,,,
ed21914c-5ad1-4a46-da78-d587b23c7667,,,,
9e7622a0-cfea-0d9f-ad9e-f452fbe1384a,,,,
2a80e494-0ca5-cea2-03cb-5310a67a9c8f,,,,
1b13bd55-2e30-3361-b0ab-d963a4818b6f,,,,
eed84c0d-41d8-88ed-c973-93afbed5c335,,,,
80632231-38a2-fe84-9a1e-c1114e9dd621,,,,
5879abce-122f-4096-8a00-ac0c04b7b552,,,,
3a8f29d0-7462-59c2-c5ea-2551ff50465f,,,,
a0a911d5-7945-70d8-db3f-147e7c168754,,,,
030a7aa2-741b-8450-3fde-1832fea94e23,,,,
40dc5cb9-ee01-8ae8-0f9d-b8d3b815228e,,,,
3e03819b-ce13-db84-4d89-eb0fd5ab1972,,,,
4fe27786-93fa-aed0-4374-61486cc91644,,,,
35b1929d-076c-94f8-1f93-0245e2dd9bab,,,,
a73ad6e2-67c6-80e4-8fa1-f4b3d807e619,,,,
16754d03-2a0f-80c6-f703-d9d67eec93fd,,,,
d1e133e0-6814-66d4-5b92-b1cfdb3164b2,,,,
b7211e42-1dbc-a360-42d2-076b679a6c11,,,,
fd60d851-7a11-3e9a-df15-912ea72a9c85,,,,
16cdeef8-7084-f932-cbe9-05996d252005,,,,
7f9fd4a9-5ad0-10cd-6389-afa65fd628af,,,,
5b90a564-4d14-0bf8-add0-c9b39ba3c819,,,,
724ddbd8-47b3-db13-3908-c396b30449ba,,,,
7ecc1a67-1c9f-8790-b659-50edd59e94a9,,,,
b9c04038-c6b8-74bf-5df8-088fe4d4a552,,,,
93caeece-3b0f-3119-72dd-3078e7710857,,,,
f8013fb9-f854-74d8-5b31-d86e5a036e1f,,,,
bb5d2028-0415-7f84-2e11-f3433a0e2deb,,,,
362fbc12-38c5-6f85-7099-538d04e2a81f,,,,
065426c0-6255-a747-24fd-83441b213052,,,,
94a307b2-1c4c-c99f-eed4-38d7d4b0d541,,,,
a95e3f7f-7f56-409d-1d3a-216f6778500f,,,,
365d7d12-4b75-48f1-c852-a20910e77a9a,,,,
e26fdb0e-f460-d100-2340-9aab0c68a027,,,,
b082b764-65b0-fdab-31c4-4a3cc47c586b,,,,
e24f252e-2790-27f9-577f-de8eebee752f,,,,
2a9ac4ce-9b5c-c5f9-954e-3ae3be9cc846,,,,
0a3d955e-069f-1775-7773-5d606e178401,,,,
bb33739b-eab3-e571-65b2-78cf5b0bf31e,,,,
1a1eeabb-3cbd-6c9a-ea9c-b4ae74399d61,,,,
da4b5753-5701-2a9b-67ca-a56edcf2e859,,,,
d8ba705c-759d-9f5e-7b02-05146aea9750,,,,
48e5395b-a0d8-79ab-8aea-6acdd16beb9a,,,,
77257fa9-a951-7bc3-e388-74f1819e121f,,,,
cb5eeb39-8898-485a-4317-6702afb546cc,,,,
1e82a563-2fe0-60ee-0d37-9afa822ebb32,,,,
e0f7e347-f6bc-08bd-f199-76941b71743e,,,,
86449a70-3d09-9665-f1e3-a3770b1c90ad,,,,
878fd23d-4a95-aaff-f92f-6e81a19b0a82,,,,
debd716b-e194-bd49-1624-bf1b367ec515,,,,
0507f2f9-c71b-f6ba-cebe-0bf406cd33c0,,,,
bef350e4-0575-b2fa-f00a-30e2c37aba34,,,,
d80f1acb-a6e5-6eca-c025-8369b1aef7ab,,,,
c9d4d126-647a-9d2e-bdad-949c58338708,,,,
45fbe53c-2d8a-3d9e-7190-b01ae84e5817,,,,
1ae7afd0-f4ac-5e88-cc6f-810d5ac92b0a,,,,
a39eae2d-8670-7435-fe11-b8ae538daae8,,,,
31f88946-de7d-363d-4342-2ef3eebcfaa8,,,,
c0685f41-67d4-9cd5-507e-f99a365fb587,,,,
3e8df212-9a5f-ed33-b2c2-3998544e5b55,,,,
b6f2c42a-7881-9e77-49ff-46454024e77e,,,,
4692f9b0-cb81-ef64-8557-ea9a7c121b1a,,,,
8b2b29bc-2d50-d060-6c8d-4e8dacb5acfd,,,,
68745d62-d953-0fa2-e0f9-d3501c61ace7,,,,
4b60b350-bb94-e42f-07c3-f212e7438d8f,,,,
c202e17e-fac4-f496-dbe9-f923c1f16d31,,,,
e7c7a2cc-5b9e-a8e5-3847-02a9e0cdf526,,,,
27c69e48-6bfe-e0d5-4546-26b019442ba8,,,,
d9d5a900-c260-21de-6b93-dcf9daacbdff,,,,
e78328f6-8cb0-e3a6-c42b-9ae21bf11188,,,,
3a24f406-b4b7-0aae-18b7-14e46f16c2ba,,,,
1ad82f7c-196b-832d-62c6-223e8bece9bb,,,,
08cc27b2-6270-3da8-aa45-15b721268ac9,,,,
ad075bc8-8de0-6a95-4b62-c4d9b3969dff,,,,
180457e5-6509-28e5-6e97-f94e78e01249,,,,
af218ba4-81f2-f25c-27f1-e2d4be7139d9,,,,
0a6a6321-73c6-6836-f8f1-c9a1c4bb8584,,,,
1afbf583-5f45-a18b-75b5-852195458087,,,,
73ea37ae-1801-2027-8380-c0013cd9de7b,,,,
50a3b4ed-9834-f8a2-aa9a-41d52e9f412a,,,,
bda4e554-f070-bd10-6665-6ae106e5ec12,,,,
7f00763c-fb28-f43f-3a7c-955b7acdeb54,,,,
be67da67-37e8-f420-c94f-f7bd2687a01d,,,,
39a13639-70ce-29ce-5a61-60da1c3c2b60,,,,
3bac9dd9-0219-ac7a-e36f-90a0fb8f550d,,,,
a1fb025c-42d2-cd27-9e55-43215d5c86b5,,,,
84edf575-7f18-1bd5-c458-f3b0f2bd464f,,,,
b029e653-8223-6bc4-fa9e-15f69c111f63,,,,
179c1b21-a451-78dd-9005-870936194b9a,,,,
259bc623-9846-583f-a043-2ae37cd640f3,,,,
98adde39-a8c8-4094-f9c4-43a1b1909d54,,,,
6ff86c17-8eb1-3a18-c7c5-7991c1398b8e,,,,
09cf7a0d-6ed4-3a38-ee56-56608293566f,,,,
264f53a7-6c90-dacb-66d1-c11737991835,,,,
b4644017-f2f1-b7c5-b7ed-3d848d502030,,,,
6a617f6c-b1e2-1154-c5e0-98a71e6387dd,,,,
9c9c49de-511e-42c1-b4c4-f47de3f18262,,,,
a566de74-f7e5-5f57-a56d-41ceaeae31d3,,,,
4be763ca-2a76-fc24-c7c5-a0ae8315c3c3,,,,
6c97d6fb-5549-3e35-b0ea-ddda638024aa,,,,
517d1639-d82a-0df3-3213-adf9ed1a667f,,,,
2cb716ef-592b-ee25-b1b3-4513a0754519,,,,
3e5c45ba-6234-6a63-b389-da362415037d,,,,
c41c37db-d909-95bc-617b-7d70d765a932,,,,
0627c337-1b94-2253-6368-bc83db4efdd7,,,,
008142c0-b075-db20-99c3-7a9e5192911e,,,,
53b19d3e-fb69-2907-6c40-b444b9f503e5,,,,
217d240b-e95b-255c-f930-93688d8589a2,,,,
e36c1632-f676-90d6-365b-a0ba882b0277,,,,
78486d99-da5b-cbbe-919c-1b2b1f3f9539,,,,
dc836bb3-fdc8-84d0-b0e7-ee88d6ae269e,,,,
cd486ce6-a993-635b-9c5f-3b147fe66f34,,,,
583c8de2-5a44-3506-b9e6-17e50990e209,,,,
b423f7c1-3ae4-c648-5145-ccfc8e0260e4,,,,
abb46b54-2bd7-a3f6-00a0-6640233213a9,,,,
58bb5034-4380-58c6-391e-92cfb90d7b59,,,,
82272d5f-2d80-b534-a754-a59472947dc4,,,,
fa7fe27c-0169-0f7e-e1f8-d2ffd6c9313e,,,,
dfbd4d72-227a-2b59-4520-6f3158e028af,,,,
247bc486-9152-540a-218c-c26f8280b9ca,,,,
b5b01346-6a3f-a523-9f52-c61a52791356,,,,
943bbced-46a4-b5d3-01f1-b60f8155f00b,,,,
aae1943f-a75e-a1de-8710-b9f7c6962861,,,,
55049871-bdc6-efa2-8a1c-bfed39274949,,,,
fd955e59-9fed-dbaf-a284-d2c7505ebc92,,,,
dea103e2-b8e2-f25b-bca2-cafedce078dd,,,,
8f95aa76-5085-45a8-344a-e135a23a1c7c,,,,
231e7725-c976-11e4-8f52-617c884889d0,,,,
6079d764-419b-00e0-985e-d790ea84a3ac,,,,
27dcf011-8693-84c5-d2b1-bb9833cff29f,,,,
5c142b4f-0e51-3478-31b4-1fcc5dcf063d,,,,
64f0f9ff-c00c-fac4-aa3f-8c1bfee9ad54,,,,
c0720456-0858-4bb7-04e4-7fe94a02a38b,,,,
c815f214-afe9-0eec-2bd3-654a1ff82c2c,,,,
0e2add4d-04d0-2138-35aa-118d2665ce68,,,,
e038d20b-909f-4e00-d1c2-336d0dccfd17,,,,
7d5f781a-db4c-4454-c872-12782167cae1,,,,
26f07890-adaf-e9ec-af0f-6a93d5c4c5cf,,,,
799b2e84-cb6a-60e7-df6d-a65c5559ad95,,,,
fe286cdb-04ca-59d0-fbba-1c49088fcd0d,,,,
433f5eeb-9c89-dedf-c8e8-a11112caed73,,,,
7d6a1d6b-1195-e95b-6853-eed7c35ecdd1,,,,
019d432b-d4f3-4b0c-4c78-a79d828694f7,,,,
2fcaa159-e2ee-7543-c173-ce3e8f597f1f,,,,
03eea9bc-870c-c377-0081-5ea0dd461947,,,,
6a57aeb6-c914-ed11-a79c-89bc89356616,,,,
7c0c7ade-3fd2-e341-63d9-f8b2b31ee750,,,,
bda8f884-5a24-1e35-b7ef-3d178d15ae3b,,,,
577779fe-73cc-c0bb-e55c-f1700e2bd8cf,,,,
6315b251-cc26-d699-6bf9-039ec8d03b08,,,,
e60acd3c-5248-588d-f144-c139f5f12664,,,,
4aee6874-213d-3528-f8af-4845ec1c629b,,,,
ea65f5a5-d324-faba-c6bc-13d535670599,,,,
34e5c793-fa89-59a0-500a-f92c1dc0273c,,,,
f8cc546b-a751-ee95-40d1-9c9448fe1f47,,,,
0deec743-8443-bb5d-cd53-14402400f798,,,,
72ed91e0-5118-a625-8af8-7420884c658e,,,,
80a1c5e6-a73b-53ec-8ab7-a1a6fb29888e,,,,
b8406ac0-717b-d1b6-d309-ada12d7c8022,,,,
6ffd071d-cab6-1136-87d9-7748f6b81c52,,,,
a5899273-b852-4f61-97c6-e0c7a5414d77,,,,
b4cbcdb1-c977-989d-ca23-b2303458d4f6,,,,
5f1493da-273b-05b9-5c79-07e6a1b698c3,,,,
d8c3cfdc-0e7b-aa6e-83c1-7ee3a629e1ef,,,,
811a5bbb-57bc-ff08-c29a-e8a6da46d134,,,,
24679e3f-f545-295d-d0ed-322a944a0923,,,,
6336a8ea-313e-30a7-5b53-6084bfb64244,,,,
23792b5a-1bab-c64a-681f-3f99ca772b19,,,,
8b2e12b7-931e-ca08-5d08-f54719664b52,,,,
9cb0a99f-c187-7abc-a4eb-41c4af59a2b0,,,,
78f1249c-56ec-e97b-848b-494fb6a01bd8,,,,
75c51719-4786-e8a3-80d9-f73339d77479,,,,
ac8f5593-efd1-862f-740c-3b75ea62742d,,,,
aa42e0d7-76c2-63dd-1be0-ad53615bb31c,,,,
ccdedfe9-ec2a-c34e-8672-49ed9317431d,,,,
92befa40-6866-897a-9384-97cecf82ce06,,,,
d7874a5a-7a20-c691-94f3-d73b497e1a67,,,,
5633d54d-bf4b-b613-a6b8-bf73e60421ba,,,,
ba32735a-3e19-d842-e3b8-c1e9cd0a76c2,,,,
c1878240-cd45-7d70-71db-73550828bf42,,,,
5de4546b-453d-eb4f-5fa1-f27aec5622c3,,,,
c6c2009d-e836-f87a-466f-9fc316ed8948,,,,
57939971-e475-e903-8bde-7deb50b92607,,,,
9414e944-a3b4-3f8d-851f-048c6dd8f1d8,,,,
f207a6a2-e708-9155-83ea-7b83440be855,,,,
fa4bee1a-3a55-403d-fde4-b19042c28c0f,,,,
0248e829-07f0-0467-202c-462c2cbc9b11,,,,
7109f37d-ea72-3aab-982d-585f7a2f2ddb,,,,
8555d570-2ee6-2bf7-45e0-05b3be37210b,,,,
f850ff30-f2fd-870f-d1d0-0e2c7d329ea8,,,,
aa9605fe-8f7d-4f15-bd51-a9de37555aa0,,,,
32148f7d-4f94-3540-ff46-15eeb4ebadf7,,,,
91849d71-b7db-9828-cf85-32c8aee5d22c,,,,
e8e5f519-39c8-f072-0046-3a5996c29c64,,,,
a8a09506-92b5-54a1-940f-94abf1fc1800,,,,
96270a61-0de3-12f7-20b4-9288d18a63e1,,,,
64dc8040-33ab-8040-3d8e-359e7a2871ea,,,,
0236fc20-1805-5477-9d34-1cadac7b6c28,,,,
98896179-a7d5-575c-a9dd-77b086f0418c,,,,
92e0c403-ab1d-deaf-f27f-e414b70955e1,,,,
b25b1dca-723f-2cc5-2213-a1bfef81f44c,,,,
bad6bcba-80c4-8c89-8572-0e7586e01623,,,,
35684d1f-ce92-7e21-2015-993b52ef64ad,,,,
068c33f1-6398-0409-0a4c-5c8bebfa7b90,,,,
d8402cf8-71da-acf9-bd12-2574d912834b,,,,
44eeb43a-bf39-07c6-bd86-41fd43306fc2,,,,
d68fbdb4-b812-81ed-0aef-701346b2bd6e,,,,
939908c0-f60b-9993-ccd7-f60e6cc4e37b,,,,
b3a5f227-b9b3-4bb9-daeb-f38d7bbbf77b,,,,
1d187f45-76a0-f5be-3349-d6e057546314,,,,
d270395d-f869-cc2e-f1ce-42fa430617a8,,,,
e7757fc4-bd19-c3d2-2e32-a2d4a073afe7,,,,
701e5144-5047-4a14-2c0b-03f97ffb7334,,,,
a472f9f3-2b16-d3af-9cda-10123b1d0571,,,,
10a3ef5c-3a4b-c47d-bf6a-9019ec648f94,,,,
26498662-0e2d-79ae-02b7-0e20a91ee51d,,,,
de3bf628-3f2c-d02b-65fd-a0754ade958c,,,,
ca69b2b7-5fa1-6a8f-a978-dec77362bb67,,,,
9a8fc813-2593-6692-a185-417873634af5,,,,
74bd8290-aeb2-b9ad-0235-cc5d548bc14f,,,,
3e06d491-7b80-433e-e42b-7748d2e75e9d,,,,
4086fe4c-6f53-285c-a695-81f6620c4e4e,,,,
d60810d4-c9f8-1963-6312-21fdc942e8e9,,,,
9788bd28-226b-42d0-6613-4154cbb543de,,,,
7f5f6eac-2a1f-c74e-7244-13af6b26259c,,,,
30b0bcea-bc2e-906c-dfce-20252503b509,,,,
a09b04a5-94ec-d535-b4c8-c727f304c0c6,,,,
5be76d6c-398c-63d6-969f-9dbeea7cbd7e,,,,
baf4c313-3da9-d803-7554-ce73a65d9de4,,,,
8aeb9895-5502-0c00-b1c7-33f430edffc9,,,,
e5ae3540-bcae-0885-7db9-7feb437dad7d,,,,
17dd83f8-27dc-a753-a0dd-c10e8392b52f,,,,
72bfbc9f-142a-9c4b-dd23-865b175d2b9e,,,,
84bd0de8-1b1e-1a30-a7cf-24ab2132249e,,,,
118be2fc-2cc9-e9f6-65d5-21f5d33e27b2,,,,
f11e0009-00c9-11b3-4227-a073f914bd41,,,,
672f5c2b-ec1d-3fc0-240d-404694d08f31,,,,
f6cda536-bb8e-aff1-820e-9c1536d8bdff,,,,
1cf0d4f1-e374-5590-23cd-2a3d30cd8194,,,,
0794d1a8-1562-7ab5-d57a-9ca0f0cf35a1,,,,
a958d7f7-9317-d43f-8acd-77cd2722c6f5,,,,
f86850b8-e1c0-28f6-46a3-8cb9caee03e5,,,,
b0dfe491-20a9-c052-6b90-6efbef54694c,,,,
c0ba370e-7432-cfc9-9997-c67799d9a708,,,,
da3d9ef7-9a86-634a-6f76-0c1529de3bb5,,,,
865a74da-070b-e097-9d8c-56ad5356dec9,,,,
503bc981-b23b-51f2-ee8e-cdb4f0368ba0,,,,
c3ee0b61-16f8-8330-2dd5-31855dfddd36,,,,
23349abe-6fe2-7e5e-9248-c09ff71b2a45,,,,
e70ffd47-5dca-1f78-50e1-292c4137da4d,,,,
ef443730-ffb1-ad3b-b560-8e887fe27d23,,,,
27c78efe-d7f1-7760-0608-877638cb6c8b,,,,
62bce645-2f1f-2a81-c197-79c990cd0272,,,,
d6bd31f9-a222-d382-6850-331df831b217,,,,
58bb804c-1431-4e8a-eb07-2d982d6f81b2,,,,
33729d78-af15-ee87-d663-b0472f776d5d,,,,
2b320617-2692-b147-1c63-1ae2e36790dd,,,,
9c59d2c6-fb01-258e-a944-87812827060e,,,,
3df39285-2518-6f5b-db5c-9b24509e2fcb,,,,
2f79d7cc-e91d-149f-8d2b-62b722db4446,,,,
49ea6767-d343-311e-de84-b1390cef5c7b,,,,
bdb2437f-b7ec-0155-9231-c052f85bc040,,,,
37196fcc-e28e-857b-40dd-716684fd5f8b,,,,
7bfb34e6-8a61-01dd-0f7e-b7d0eaec2183,,,,
cf11aece-0688-5b6a-65d0-5dd8c3181ead,,,,
28a41950-d846-9f10-445d-b46a1129826a,,,,
3c6cf956-c193-4dad-8382-b98c1fc49998,,,,
5d535c5b-d191-31cd-60cd-5cd466570b25,,,,
2befbff1-28a9-70e3-bcb4-57d9fe8cb267,,,,
9ff635e9-757b-872a-0f77-760cca8694d8,,,,
77b6fe57-9719-331a-0546-ffd20e0bc20f,,,,
14c7aac4-b9ec-33ee-293c-d5c01ee6bd84,,,,
352943ba-62a3-fa95-a16b-0e5c718de591,,,,
798d4f59-128d-4c41-a20c-3c90d429ee64,,,,
efda1ae6-e4fa-0618-eaeb-0af67e56cfc7,,,,
4d7a7d3e-f1e5-b72a-fc5a-db359d5eeeb4,,,,
ab136214-5bc8-f8d6-a745-0fe5b6471886,,,,
9da05d97-5016-5694-ddb0-dac97fbef193,,,,
b791736c-2506-62e8-958a-a386524ee12c,,,,
8d224474-9911-7d21-615a-f696615c9476,,,,
e8c53142-d998-d335-0bc0-61fc32326a64,,,,
3554caa8-2cf3-4ab1-356f-41fadebdd75a,,,,
69c10a10-22a0-1526-29db-37782bb90839,,,,
d550a204-638c-e199-76fc-c70f4d837d8b,,,,
6fa480f5-106e-9c42-3a01-6ceb1dd537e5,,,,
bbc2ce15-49e2-f972-fe9f-f5803ade141a,,,,
e2bc6ab0-eb87-e53d-1a7a-117df0433168,,,,
ae2eb74c-8ab9-79fe-0479-8f88bc27fd2d,,,,
e4abf657-4c0a-679a-c44d-7f2e5dedf4fd,,,,
dcfd4a3e-22bd-1e6d-9b1c-7e5979a4646e,,,,
44d3dc7c-9e99-3fa3-91d6-e872216d9239,,,,
1fb166a7-6574-b7e8-888c-d567c6cbd632,,,,
e16ad622-4206-1261-6a33-82bb2305f0b7,,,,
d8a4e021-434d-709f-b135-4e282987d09c,,,,
254db80e-966d-a12a-bfe5-b359abbe55f1,,,,
e921d262-95c3-7394-4b5d-4279b48c9069,,,,
b75229ee-3eec-49d1-d20b-9ebbe6efaeaa,,,,
d266c882-28a3-b1ce-57e4-671c110f9d51,,,,
a669dedf-cb0a-70f4-cf76-4d39dab249a1,,,,
4dab5b98-b97b-7ba7-9c23-b3eaf8e8d762,,,,
bc6fc5ac-6d56-385a-a6ee-e99bade21c5d,,,,
b4542d30-58fd-622c-9828-9ccdd816b9c3,,,,
0c7e78f6-dc93-11a7-d4b4-94e2131686b6,,,,
6c3b79e9-6af6-9980-93ca-ade8342a32f0,,,,
4c8f7b46-4ffb-a83b-b770-f9fea7e28a03,,,,
dde98022-3e3b-3fd4-bed0-3c2e7eb2a0fb,,,,
38e47c52-8d50-c09d-5919-ca2f294ce786,,,,
9df2c328-0a6c-1c0d-feaf-0ca49c908504,,,,
b2a1f1f6-5b89-87c6-19b4-e4ac8feaa842,,,,
a7e73c05-f05d-28a2-90b0-9a640b750739,,,,
83826465-e933-c56e-7bf0-25a6ada22c8b,,,,
cdab0c98-a534-cbfe-1883-6e237820c66b,,,,
74ffb46f-36a0-5dd1-40bb-fbfab4e30069,,,,
09658898-f6e3-73e1-bf87-8fc76d247c0e,,,,
3d965b0b-3ff0-e31c-961c-937cf296c153,,,,
d70e2d11-60f0-031b-7c3d-ec05f1f4886b,,,,
1b93085c-5187-5bdd-83a2-d9f5e47cd5d6,,,,
b064f21b-bfa8-ae9c-bc52-971b8d5e0fce,,,,
91497bca-d859-1f97-c7d1-0972b07fdc0b,,,,
243ef512-0be1-f846-f605-6be3ab015855,,,,
201c6ff5-546d-e350-029f-99ff5b8aa49a,,,,
9fa8fa6d-0b24-759d-c408-a76b11f1dbd7,,,,
9dabfd44-2e7c-e485-a46c-6f4c7c465d66,,,,
e21515d6-0079-149f-ae18-a827745a2a73,,,,
0721f0bb-a6c0-a592-ddf1-639a7f6cff0e,vector,,,
cbf1644b-a432-a839-3d82-7821b1d8028e,vector,,,
55652078-c0ef-1bc0-d7a3-1ecc562f4887,vector,,,
81266018-bb30-03ad-be26-cd702bd9dae4,vector,,,
3a13c1ff-60ae-50e6-131d-099ac2f3d681,vector,,,
5a062be5-46de-682e-0ccf-a7146e1bfde2,vector,,,
4003f10a-f727-a4ef-fbd1-31be742319fc,vector,,,
b3fe478b-761c-676b-73e1-8bc61654915c,vector,,,
462805d5-6e5d-6d40-78a9-f79dbe6ba1a8,,,,
b9ead11c-fef5-262a-6934-282df6515121,,,,
7dde46b4-12af-6468-40dd-8ff765aeabd5,vector,,,
ecae6599-f8a2-6d88-aba3-ea408c791a19,,,,
05422eb7-ac91-e33c-df5d-b5b62fdc32f5,,,,
077574d7-be8d-4fd9-e4df-4aa1e7146a68,,,,
0b9308ea-8b4d-76fa-52aa-4d0d6b48ef8f,textTable,,,
a0c06e00-2de1-bdb8-3b88-960df109a16c,vector,,,
204e8fb3-07b0-8b69-52c8-d959f3f85f1b,,,,
e253c20d-a896-f8b6-017e-8a3565802a9a,,,,
bd61a283-493c-9966-e0b8-292a401d04a1,,,,
23e64a73-d671-a777-376a-e1100c45d409,,,,
04f35f9d-34db-d4dd-a72d-9d25ce42b116,,,,
070aceff-905b-7344-0fe1-0894ad04854e,,,,
06272017-7eeb-3bff-ee6f-85640d1e04f2,,,,
517d6f05-1c00-4805-d40f-c9a09ed07133,,,,
3aa9a2d0-6d80-fad9-b0e8-1ec836754d4a,,,,
94822fcb-42c1-3471-3cc7-684a0372d77a,,,,
9f4a819e-44e7-9ad5-7042-4607aeb98bfb,,,,
da58c20e-9683-244b-7cbc-03ffbc14b9b2,,,,
dd633571-6c67-4d57-8d2c-ccfbc2f5b59e,,,,
fe61c7eb-898f-a42e-fc8d-ee8e44d778bb,,,,
85311045-714e-541e-1068-4a3f29496f9a,,,,
581deabe-158b-1b7b-afdd-627aa241233c,,,,
f9396c31-1ce5-5062-443d-6bb318542105,,,,
