id,spatial_representation_type
23a839e3-8fb4-4569-bb3d-c28a7621f687
7c2bbc0c-70ac-4ca9-8670-d69ac3754c87
a2a2130b-e853-49e8-9b30-1d0c735aa3d9
8f4a016f-14db-4def-8ef9-7c797de1cdd9
76a16627-90a2-4d94-a8d0-dfe2b7d0a87f
fff1b2f5-c835-40ba-9ece-4e069289cb7b
42c76a2a-f2af-4790-9ef9-4f669704bb8e
bdacf8f3-1ccb-4b9f-87bc-db4b800adeb2
c17be172-c264-48d8-82f2-0ce68d0901cb
a639c8be-727c-4aee-8e80-2d5762c6f776
365f6171-e6e6-4fa2-bc41-c2f59a7ba052
aff441fd-1440-480f-b61a-8a34d2f8cda2
c02ce103-27ad-4757-acdc-08fd571a19c4
0636c8e9-302d-405d-884a-903e6e6828d5
a6daf0c8-47ab-4be9-9122-6db11991b0bf
6358b21a-ce9f-4b73-a4d0-7e30f7885959
649e147f-729f-42ad-8c69-29a8c2dd3f3e
ead35885-d7bb-4d76-8d1b-9f12d1497fc2
484f3975-8753-432f-aa58-7909d9ddce4a
e4d0558d-0269-4377-9a92-3bc0ab4054d2
522b4fac-8030-4ea8-ada8-aeb4b85c7658
6e317257-54fe-44d1-89a6-1fcd81f5a484
670516e0-6cb0-4d3b-ab2b-b82ed9ee59db
f164803a-1c2e-4c96-b1a4-dfd99c2c03be
28b66ba2-2a28-4fb0-995f-abec9d292f9e
ada4a694-73c9-41de-ae3b-81b0b20922e5
f6144bae-803d-4afe-9b20-6ba145549f05
38ceac57-9d80-4962-8bd7-b86b7ce1c0be
210e2c85-0896-41dd-ad14-2a6bd65d185d
38e911ea-6e17-4d1d-809b-bf1b4474384e
f9710e56-bd45-4117-8e6a-638e2e133ed2
e711d887-84e6-401d-9bc3-5ecdb09923d7
c4d46254-e701-4875-948e-3474de1af892
1914cd86-f2db-4af7-a030-dd19c5c1fc9d
0c4ff965-9f08-4815-a89a-7a9d57971d9f
33a97e00-fd91-40dd-846e-3eeca15650cb
922c1eb7-1357-424c-b474-7d9b6d6f9f55
58657662-9135-4a52-994f-031ca01f5398
e43be180-7511-4e6f-84d3-ad6c9f5c3e2b
8ce2fc20-77cd-4004-87e3-cdf04a0d2b5d
73aab8cd-e094-4bce-83e0-1452c356a88f
7c1bf2a8-96bb-4ad5-888d-a90672eb306e
300c0980-b5e3-4202-b0da-d816f14fadad
4e50c2dc-d66a-45a7-bfed-bcd4999bb204
734a8ec6-023d-4963-8940-ad68db7d6dca
7272c394-7cad-47d3-b51e-b12c557025da
068fc650-321f-4ad4-a13d-20d8c28417d7
25ab6d5a-20a9-4501-9474-4d2242e649ca
136ec694-602d-40fc-b5bd-cce1869a71dd
17d8b94d-0a67-46c3-b974-fc164ae1a855
53ae2399-299b-43db-a9c1-2fd76693ecda
fa0461d6-dd45-46f0-ba66-7e42bc239afc
664d2156-f164-493e-b7d5-5c6bfb8767b8
55dacce5-8b63-471c-9feb-2d64ad88a567
e8a3fc19-6016-4c90-a5c0-eb35233d708e
d7a034ac-c316-4c57-beda-587de041b833
ecececb5-352a-4327-b652-3f74dd71721c
f5c06d9d-cf83-4ca3-977f-ca1a7bf5f8c4
dd548674-d011-4f81-b745-351cd930eb87
a16d7095-9577-4c81-a800-33763ed75c8e
708e3a38-bc31-4529-afc6-a9ecaa676b27
4d069bae-6f10-4f74-ac98-f9ede8481600
2e097125-7011-4aff-b9e6-2a21ff9dce7d
0649eca8-fbc7-470b-a2c8-f90adbdf7fc0
5fd19e19-e2ee-4326-834f-84de7e653581
1e200103-0264-49a1-9351-f740c40d5318
42674d39-e206-4819-bc92-2ac8953760ba
8bef50db-8043-4de0-b163-24558fb89c5e
ec85ebe3-7313-48ef-a3b6-0dba73ec09b6
ee7447ec-86ec-4f01-ab9c-a8b00eb0cd48
8869e796-a17e-43b6-b75c-dd1a1ce7f42b
77eeadf4-0c19-48bf-a47a-fa9eef01f409
4548cc0b-15ec-4f9c-839c-b8e616464b84
d21ed158-0ac7-4afd-a03b-ce22df0096bc
b67255a7-8040-43c0-935c-d74f168af215
17ff00bd-edb5-4935-87ce-3cd5f3e1e37c
a560273e-cd12-4eb4-b732-19a8994c8b3f
2957b0e1-63d1-470f-bb62-60733e7fbed6
c5df3a4d-2520-4dcb-8445-0cff5107bb92
dbc3fc05-ba53-43af-8170-496f22941fc5
e1eb6eca-f654-4644-b470-d38976852299
f6bad1d5-d1dc-4fdd-a076-650f55cc3fbc
0b67c6d7-bd13-442e-a80f-7e646a173b73
903c41c4-09c7-4af9-a43c-af3b6ff5c705
f30772d0-2c23-40fe-8a59-631d07c81806
6fe496cb-d2b9-4d25-9dec-02fbb1355c3e
5554165d-e365-422f-bf85-4f6e4c9167dc
260844d8-be60-44bf-8ce4-1f98b522ec27
8bbf0dd6-a557-40b2-a903-125c1fdc4ab0
630a2fd8-0f59-4156-9026-71b4e4c344d2
54ec827b-3b9a-4fea-8d9b-d8c006e5b9cc
34bfe750-d6bc-4e38-98c0-b019825df431
f878ebde-cbee-4bf2-bd5d-4e70c930a143
f2303645-5952-4766-bd5c-3b9b50dda1ca
387692b1-ff47-4a68-ab36-e88591474e7a
6e4bd4cf-17cb-40bf-a5f4-91ad2b6ffe99
c3128bac-2c5f-4fd7-a437-03ccd5646530
aacdfc51-34c0-4882-8ea0-6b342ec34e3d
0518779b-d46d-4510-8b4e-e26da5271ae3
be68e324-6a06-4ef8-bd82-2432045680d6
49314001-a41a-4f6a-93fa-6df8b509e652
ace77db4-1f4f-4db1-91bf-9cf8475d9dfc
9d9daae1-b379-4c92-b96d-6a81455caa74
fa25ff2c-be2f-41a5-97d9-6d34afa74754
fe9e08bd-453f-4e81-8a42-379b66233e65
be69a760-a58f-46d1-9ffe-5a7f42b2ed9f
3a33d90e-be3d-4ceb-8f7f-dc6bcd6866f4
b35d45d1-e468-4aec-b8af-e1c1cb24bc07
2ff93989-7b57-49aa-8f12-51aad38fa767
8f0d304e-161d-42e6-a982-cad13e60bd8f
c446f15c-d37b-457c-96c8-380a94b47bda
f9566991-eb97-49a9-a587-5f0725024985
94020043-1ba2-46fd-bfb6-9b8e81994a13
57c55f10-cf8e-40bb-aae0-2eff311f1685
705df46f-e9d6-4124-bc4a-66f54c07b228
12472805-6f6d-457b-8db2-5c1f42a00099
3a34bdd1-61b2-4687-8b55-c5db5e13ff50
511ebb30-71fb-4587-9e77-2b59ff3ba81e
a96153e2-21a5-4e70-8625-cca770f01fbd
3f26d4b1-ad22-4278-a553-e969a9c7ad26
eeb0fd5a-36d6-41f2-be3d-568e03cbdd75
ebbe3328-43ac-4440-be2d-b3f83ae03780
491cca42-b105-405d-b918-0b243ea0e503
699be99e-a9ba-403e-b0fe-3d13f84f45ab
9b7a9e74-9274-4f97-be81-ce4ee475077d
24c899ee-ef73-44a2-8569-a0d6b094e60c
7ec1a555-122e-4173-9536-1731dfd63b5c
2c53729a-2453-4633-92f3-6876a45f8bc4
85d3990a-ec0a-4436-8ebd-150de3ba0747
ad342aab-9a08-40ca-8431-b096efd70e3e
e2775af1-65c5-4a04-b75c-e0c5a92aedc8
dc9d2209-bd36-4aaa-acf3-ef89c43b8bd6
b8cb12c6-2853-4549-ad66-1078100e4af6
a3809a62-d7d1-47cc-b229-7cda19cc61d7
bf1cd755-f2ce-4b86-af07-73dc22b36a8b
23ada5c3-67a6-4703-9369-c8d690b092e1
a35c7d13-76dd-4c23-aab8-7b32b0310e2f
1f27036d-51eb-4730-bc20-b1869da41cf6
0f4331e4-f927-4ec6-b6e4-58e80c134b6d
d03007d6-d6c7-44d7-b2f8-710ba9433617
855db8f1-595c-4f14-bc1f-6c0a8a9d2905
dd2b0390-c77a-4c9f-b1bc-cb8d9f4a23c5
0ad6d642-26f5-49ef-8bc7-1928d1bcc1b4
411a40af-14b0-4d66-a36a-15e8cb0563dd
716452fb-eb4e-47a0-b40e-055544457cfa
ea1cf540-d99c-45bb-b794-85b0f9962267
b3369823-d130-4e8d-bcca-55c8749fab40
264ba532-75f9-4745-b594-dc7599a46c23
6f2acd05-7e5b-4bca-847b-03f23d48b0fa
7114187e-305c-4a79-acbb-3294ba0f53c8
3d2cfe82-4a49-434f-9c1a-2e8f7ef7f982
58a3f04d-99c5-4696-bff2-602fe69f5363
1e730ea9-dd19-4c22-aa95-fe644efc7a06
3d8824e0-57a1-4289-b70b-0dd0d8f82907
d378b0ba-6fa2-4f7f-a08c-97c697979ec3
a86e4a75-81bb-4067-9bea-242f642871fd
9d70027c-f87f-4aaa-9c16-125f3cb6280e
1670260a-2a57-4e32-9a53-48bfa728810c
f1a60610-f609-4a30-be40-94f2d5422c8f
45711667-7878-4d86-8b5e-d0be5997dd16
e04840a4-77fe-4175-a029-8ae195a32a9a
084c9021-ffc4-40e0-b136-30b1e9fde89a
7e0fc13e-24e6-44e8-95fb-ccf28b25a308
4f80c001-8759-4857-bd83-0d9e086e4892
d6f7956c-9de1-4a58-aa9a-b35b9dbfdf45
3102dd46-a0c7-4519-b854-101a5e213cdc
86786da1-44a2-4065-ae89-934488da9104
19e3ead0-e8a7-4570-9325-553c3d3e8eec
1c609e53-8e87-49c4-9bf5-23b79554ebca
fb64bc6f-4a96-4cc9-a4f4-f84578968ca6
97c0fda3-993d-48c5-acc9-c8bc47c8b7df
37b49b9b-37f3-497b-ad74-4c889f6734d6
7ebf869f-e3b9-424c-9dc5-3672e92b9d5f
f1a210b6-9105-4873-b376-65da8a811ded
8ad5ce18-c2b8-4fba-b81b-ded1f1adf6a9
43477019-41c0-44ec-8032-202fb0b1e7c8
58b7c2be-6c81-4398-a3d0-430ce40797b6
ce070089-de7c-4fe8-b5f6-74b361a3311b
00b0ac3a-dba8-408b-b8ac-df0f2a53e553
2772bb78-7749-4fdd-8ea1-b81795a01a79
ffbadc03-d4f9-48b4-b1d8-0a99dc4d3713
4ffbea37-398e-49ae-838e-e33268b28ae0
2f78b160-9daa-4646-b25c-50ec1b9acc53
21c72822-2502-4431-b9a2-92fc9401ef12
bc47f587-d4dc-42e5-aefc-194890a6dffd
d402af4e-30b2-4ae2-842e-ad20c6b55144
ee185b99-f923-4ac7-b2ba-2ea4e065de0f
e63fa297-4e54-4a60-9730-f397e9f3ddcb
977113bc-21df-42de-a741-539482185183
292554f2-78ab-4b53-92a6-4886447922f1
b14ae5f9-bc86-4abf-97ef-b649353369f4
4bc13aa2-80c9-441b-8f46-0b9574109b93
d23782f2-939f-4bf3-a90b-85e75925ac57
bfa9ebf9-57b9-46cb-b098-2081de538e2e
1166f661-819e-41a1-aaac-936b0273ead2
57fec1ef-fb31-4ff0-9b7d-712eb2e493d9
a9eefe9d-9cb4-4aa6-a7a5-8600d9c56d33
62e387dc-8ae1-4b85-9aec-e6e7a6181572
824e684b-4114-4a05-a490-aa56332b57f4
86839277-986a-4a29-9f70-fa9b1166f6cb
100e6fee-ddc9-4592-b8c7-e9633aeee619
27cb36b9-bff8-41c5-be8c-b006a2a55137
cc62d95b-b3ac-44b4-906d-ed097fe9a4c5
7d369e49-125c-4265-b328-b914c639666f
4606b4e8-36af-4639-9036-c4b4d1a5c4e8
606189aa-dfd7-4831-b429-cea3b757998b
65910086-a903-4b1a-a7b3-7a626ab7657e
ca70a76a-a1a9-455b-a2f4-24ae151e4058
35ca3bca-5cb2-49fc-b83a-1e8ef4b1c6e4
149d6d18-84ee-44c4-a770-eae76554e796
93d9cdb1-f28a-46a5-8f16-b4d900bdcd18
7fcbc227-7406-4bd9-aabf-7086ff445535
beeea4c3-afeb-4e77-8909-d8f05b5cd21c
bfcdd4d7-056b-4069-a09e-5dbda4d11841
db803d65-bcfa-44e8-b98d-76e7b02f3500
7ae450c4-380d-49ab-8009-4eb94f0add1a
c48df5e8-34e8-4f13-9203-8143bd4ce295
02316373-8717-4b34-bca6-7303d1655e0f
d269ad62-b8ab-45b4-a0a2-cabe6966f173
c7baadb4-dd8c-4a70-b7bc-23416399c6ce
6e2efa17-a437-424c-a529-dd549be144d6
328ab550-48bc-4168-ab02-d9e07c40bf11
d94fd318-d92e-4fee-bc5d-4291dfec1e47
b3283267-bb7c-460e-8858-58cfd7263ad3
08bafb80-cc0b-4ee3-903a-6558b3f8b298
abac1da9-f777-4d75-8829-30e707449f20
9db9b3d4-6c0e-4717-907f-f0d52d763e78
fce4d0e3-4d57-4efd-8b09-0c90e58dbcee
d21dd429-d52c-49c4-9c9a-33a32ca60edc
b9fc5871-c5ec-40da-8d03-4a486de8d066
a5226022-80e3-4e76-8a4d-6b2ebceb4569
960e5b90-014c-4337-a3a2-1f16b1ca6d0b
7c715582-a854-4cb5-9304-6399d270a70e
1afe4198-2cd8-4667-9766-2849e96226f2
f0477fbc-633d-49bf-9537-4a53d3ff413c
5938c1f1-70fe-4837-9150-adc0ae8abd61
178501df-3192-4701-ae59-f8f70a3659bc
0a1ea5ba-9fa2-4f32-89a7-7e61ae608ab8
e6938dba-e935-4eff-b0cd-96e8151baeb3
e0b6548e-6eca-443c-a59f-4633d1152a68
bc53b7c8-b137-4e2c-91a9-1d5c87c8a186
bc25e26c-71d8-4c5a-9b9a-67f5cda2b9b8
b6d115dc-e89d-496e-83c1-272afcf75447
a963296e-8d43-424e-885d-05b25a102ee7
9e61301c-fa06-4fec-a19e-4a57a0843ef9
99db0e5f-f8b3-4b25-9a8a-a5b32b6cbf54
9263723c-a31a-4034-9dae-7235f4840206
848fe25f-a1f5-4927-bbb4-dc9dcb180e7e
739f753e-b550-4a04-b9a7-c159a8c6c7e5
70700476-72c2-4d4e-8c1b-f901827b87b1
655b738a-43a2-4164-a535-5fe78d22e888
618260d9-5dfe-4d98-805b-f11d9b4a94e1
4ed828d9-3fa2-48ef-8654-375345abd0c8
4c5649cc-9a55-43fb-9898-cb12b82477a5
3f77b7e6-0445-46df-9555-1c816fda7a61
3250a372-8afe-4e26-b9e5-ae74aa00439f
f2f5bc68-dffe-471d-94af-fa4bcde23709
79e7696e-dd7c-443c-85e1-13b89c2b807d
a71b090a-1add-4bf0-8c91-82ab1d381564
20ed0645-5d09-4478-96b4-f8e0fc347b18
9cbef758-dc4f-4271-9cf0-a30a69a9bcba
e466c2dd-f396-4864-976b-4098715ace98
0bbc3ff2-ff87-4529-9912-f898dbcf9c55
5ccc7e0c-8d32-4551-acf4-351da85ef102
666c7e12-ae07-461e-ad45-dbd1a2f03b8f
67f417a4-7a8d-47a6-b297-e86d139c4b7a
680281c0-fc60-4770-ad5c-b59bc4a8b417
6c7ec7b9-0bf9-4bc5-8afd-2799350c3d00
7b60d8e3-03cf-4ad9-b878-3661f4c2f7bd
8704ee17-25ca-49fb-ae0e-0979e9514a2c
9129a995-0081-41b1-bf67-85c6915dfec5
9212ba44-cb33-44f9-9242-a76ad9af3ba3
92a0df5b-a3bd-4302-82cc-ccd8d9419c5b
9430115b-5546-43c6-b2a7-9e0aa21a24e5
a6539eaa-b4e1-4da4-9747-a2d3b54acbcb
aa1df81a-bd73-43e8-aa07-4e30c791e938
b23dae70-ecea-44a3-bcd7-5366916415b0
04de66bb-6bca-4e17-87c9-bf039e8ea401
6e3ce526-3a45-4076-b9c9-5a722d373dc5
f9dd7bf8-5b07-438d-98a5-1423a8bd4ac4
bd88c8ee-c6f7-46ad-8158-d045960ced31
c083abe1-168c-48e0-971d-602c081be7d2
c387683b-2a93-491d-92c0-6c115a0a477b
c77efec9-61ef-4902-9e7e-35efe24a0218
cd84959a-eb32-4543-bf01-785398aceac4
d041b8ea-26a5-4329-b080-de6a0e132fb1
f44fda80-a06b-47bc-9772-6926d1777a26
fbea3984-b540-46cf-879e-03dee2a4ff1b
f32b91d9-abbd-4de5-ac07-d45e13b99ffa
ebd061d0-217b-49ff-8bd0-5862f595bf17
e8c008b4-5f46-48be-9f09-c88579741dc5
e542e3f1-fb11-4fde-a8a6-e7680b309753
d6a5a397-113c-48b9-8f91-9d5b34611b3b
b4ff3cf8-beee-423a-a6d8-ce34d4b774e2
ace521ea-02d6-4b44-98aa-92a864f857b2
a54aa870-a707-4503-b46d-06b79b83e690
965f2f89-38a3-4793-b4e8-128035dab62a
7a4d0af8-5771-4690-8985-81c6e6b1f54b
72f7f2cb-57ba-4123-9950-2cfd35d8cfb2
5132e450-a8f1-4ba4-89b4-cab02770e349
445620ed-feb0-4e8f-afef-e7b019a9a3ec
4223636c-6b23-4663-bb2f-8ce0f8235d76
3e6136c9-237a-4aa6-a9d5-24a131eb0d27
0e4e5789-6e45-438f-8eeb-1b60f5642869
135df09a-4940-4cb6-ad99-fa89c7663a4e
1af2b4fb-aa3c-4855-925b-989e85f3ce57
326c833d-f67a-45ea-a637-8c7681e01a22
50d02572-4db3-40b0-b302-5fca4b17a36b
987d64b5-88db-4bd0-9c15-58761ca1bfe4
acb209d1-23cf-43bf-b26f-316a71866b06
bfd37fca-f682-42c0-9b09-c083415d0b58
ca06aab0-b518-43f7-aadf-0ff1476d5057
e0f939f6-b279-44d1-b507-5700ba18dcd2
ff0ea338-b70e-4332-9396-db69ea516919
29863e1b-46a7-4350-b84f-802f42ab2f51
3121d618-4ba2-473e-b546-22783491b9e9
2fee0e83-070b-463c-a200-799dd1267729
2c7af925-5319-4484-ba35-09433dd35787
04a7a810-b759-4573-b2ec-7338ff7af027
2ded6b09-0e7d-484f-8f73-5639b153092b
637728c3-7139-46e4-ae7e-d1e88a9a8a46
72b1fe5d-1d1e-416a-9752-b6cde360c9bc
89310953-aab2-4122-9340-b4ee090b2548
9f525574-1b6d-45d4-a70c-cb0a731bf2d5
b097448d-03da-41ca-ac5d-174fa947a694
bff22a2f-509c-49c1-8bb7-36817bdc0ada
c1377c28-9784-4f74-8826-6dc8db93ad20
0415b564-bc6a-4077-afe7-0c7d94922c9b
0f86a9d7-ebd9-43f3-8bde-eaf19ba9dff5
1611e5f7-5d2a-4a88-aa48-ee58b2fbfafb
1e47da0a-e59d-4b42-b3a9-836a2bc09e08
20855734-a03a-4880-8c8f-b70858b8fbd2
225e3e9d-5a3b-44f6-a59a-f12292d7083c
2e23d9c0-0f4b-4e3c-a1af-4a915117d6ab
302da258-c804-49c4-b2c2-90d29591b350
308c6692-af2c-48c0-8b01-f5c85f98c5ea
3511d3fc-f356-4c6d-a02f-92dfc19e776c
42f8d6ca-70f5-4e26-9708-f54b0c4122c4
43c9f625-33eb-4a56-9422-e60147cab8fa
4865564a-98dc-4025-8bd0-0013dafe95b7
4cf9c1cd-2302-4285-ad17-a30be22a8603
50a25297-fe3f-4e07-92ac-f3e57a2b14ce
52eec350-0897-407f-be72-3d9a631d34e2
53a931f2-97fc-42d1-a6c9-9fb9d704dc82
609d98e8-f7b6-4ddd-845c-c919849a0ca2
6256acd6-8a73-499b-ae55-654a0d85f1b4
6e9f7524-fd74-4099-b3ea-70a1eb2d923b
6f113f17-613c-467a-8e7c-6aa4a005716f
7658e5fa-1409-4472-9c33-8348be1158f4
777dabc8-dc94-4159-8e80-8ab395051338
80bd6ec4-0bb2-413d-88aa-6f8ae11aa6eb
842e9db2-86e8-4214-affa-16f7345dce56
9093dd83-010c-4553-81fe-860e01f62711
92220486-4c93-4593-b4d5-e687b764e64c
94b3e520-2c16-433a-8591-31200df9bccd
9519fa29-38d9-4b66-b1d9-ece481aac6c2
952da05e-6caf-4bcf-82c7-1410fdb3bdba
9d979e6e-704f-43fb-975b-b57f78bdd795
a9b3f209-f04c-46cb-9a7f-0b298b6635b0
ab08906d-f1e0-4606-99ce-767c20f21921
bf05709b-2495-4b99-81e1-9ebd7f384a60
ca53f6a9-0849-4ff0-8dff-4d671e68b180
cf42793c-dc16-4ddf-831c-c36afb7e202d
dacdea99-5919-47c2-b016-345d8123ba9e
ea5d6819-a4be-4c8c-868a-271148edfa21
f4bff30a-3c56-4e31-96cf-109bef8df8f0
f9c6565f-6652-4026-8cc9-602f9fc8d10b
fa6723b1-cf05-46aa-ae48-6d019f9fe05f
00a498df-f449-461d-a45e-c6e08a3df6a3
fcc113ff-4e85-4579-9bb2-2599f9001dee
d5d4b6dc-2c1f-4ca3-a856-5ddc54e2dca4
c8bef65f-8820-4cff-ab1d-157cd273a768
bc5b1e71-7031-4520-8837-ece1d62e80d5
a377c63d-d78f-4027-abae-aebd6b7faf08
7e87485f-8dfa-48ec-a237-f0d99d676baa
6e9c26cb-5a28-40de-a1df-82a8c7b5a4e2
5e8d2016-ba65-4b5e-bbaa-c03d09307984
4eab00f8-7b88-49e0-9292-6cba74f88745
0fd0fc3d-7552-429f-a6b9-6aefdd6446c0
0a7492cf-69df-4090-b415-2db6676666b6
d94dbcaa-2fcb-44a3-a859-876a937dcb98
b310526e-23ea-45da-8888-11446c494e80
f18d35c8-a388-4ec0-8d33-c786ea52ecfd
ecc96645-911e-48f2-b4d8-dadcf85ca0c9
cf5c9f4c-b32e-41f4-bef9-e19ffe5f6db0
aec8b719-9cf7-4774-9204-dd2d2778e8f7
8f3a80dd-e5cc-4784-b887-34e0426938bf
83ab4234-46fe-4454-840f-6e2cd8e47dee
7b3797e0-8b3a-4bf3-b75e-606888737eb2
729e5877-c423-4bf6-ba26-69fd34579801
573e227c-6c51-4e7c-969f-fed7b5acbaae
457d92c6-bedf-4efc-8c34-3fd567186649
34b9a81d-c9f0-4f89-abda-eda87ddd5061
2c64959f-c7af-435e-aba0-64174b99f4e7
24611095-1367-46d7-9138-8ae1b63fdaf5
202027dc-d8f7-4fc8-ab7e-3ab45446a0d2
11d82aa2-cccd-4b5e-bbdd-2e02571cdae5
0dc6958a-4b94-4929-beef-514554b6a13f
01e8bcbd-6ffa-48ba-b394-a9f98e2ea331
c306f365-d894-4105-aa30-d5cae73d2185
6576d4ef-3286-426e-a9fd-17e56023a78d
618c3ece-f4c0-4f44-8450-1a514e3e3c47
2735b0de-2d33-46f7-9d1b-21a4ebd113c7
fa5d1321-ef26-4c08-ae63-3486013328e5
e01437e7-0a10-4c71-af8f-ae06c597b200
d108e1e8-26c7-4296-861a-1aa684b5a08f
aa2fcc55-e091-44a9-8a7f-c0976656602c
9fac9e0c-b2cc-4b8d-bb35-3c0a5d5d00e0
6deddc38-4d14-401f-b3cf-9bf9c9948ec1
69b08e08-0adf-4ac9-b229-240ae282b004
3f4c5427-b879-41b8-b7da-519d154cdb01
2ae8992f-c9b1-40f7-bad9-f818dcdaa573
1631b19e-af6e-4d99-95c9-662dbe25bf28
13046ef8-50ed-43f0-bf8b-2c2802b42867
122fc31c-e5f2-4a6d-afec-f355040c0da9
e8e9b4e8-7a40-4552-8666-5bbfbfe35552
71da2e20-007a-43b3-8261-fd98fb49941f
b20137ea-7a2b-488c-ae41-2f2468566727
3d48531a-6cfd-401d-874b-bc391d0e6a82
b2e175d0-5bbe-4f9a-9908-d37ced0d9b2a
fc0286ab-c5cd-4a7b-9d38-ab1473c3e8ed
f4f3ca1e-1edd-490c-bc6b-5f82d8336de6
eefb642d-486f-446a-9a06-f82417ad8104
ea20940c-d686-451c-bd6d-c6070dec60b3
e1c3f1ad-da68-404e-b147-f9686849662a
e0a6553a-4467-447c-a119-cffe74480902
d7c01b29-b7af-4917-8423-3b5153588192
d5c32b15-bfeb-4eb5-be0d-5d5cd82ca39d
d358c868-6d8d-4c99-be5a-bedf7289cd6d
d2e9a050-7281-47fa-aaf5-3330b25c0079
b79b19ac-3f64-4fa2-9a19-467905c5ccad
b350194b-5ea8-4b7b-8751-1c0cd034c74a
a03ae90f-a9f0-4fc6-832c-05ce29c09af3
9dcb9b29-1c62-4e1a-beb0-4a3210146557
9a5d9569-9042-4357-ae56-6486712dcedb
84801f62-637f-4c98-84c3-8dee338435ee
78d4f4c3-b47d-467a-9bac-2348d5ce2685
58af6472-9637-41d6-b7d6-5afd11b37c87
58808526-15a3-4da9-8a54-c34a5d0dd179
46be0e38-3154-4b51-bcdb-509a6cb38d8e
39b64938-e5b2-4a06-b702-495106b23bb9
322d8657-4c2b-4e73-85c7-70079728bf31
2f1b004a-70e3-4906-b028-4fa5c07f9dd9
262f9237-5b9a-4979-b90f-bf4ecca2ac91
209a5e29-6ca4-4851-b6ab-0ce000e0cdd6
1f254451-5975-4790-a95f-b042c722535b
18fb855c-1ec2-4253-af08-a7dc7bc7b708
15efe580-a3c5-4fba-be13-ceb59120b39f
1126ff44-64f1-4e7a-aa5a-fb0772e69a4c
161271c0-b52b-43e1-b4ae-020418b41093
5e7274fe-3625-48e2-b178-297a1891e1be
d0f538c5-9557-4b87-ad0f-36215816e225
20a44728-3cc6-48d2-9360-9d6c53389109
240c74a2-d1d1-4b97-b39b-577a1926f52d
318f9427-e234-4c55-a580-2b87d5a88ce1
360bb596-ea6f-4e4b-b0be-ca9959085e0c
36465864-1f9c-4148-9c36-86c818005e25
3aab44de-24d5-405f-bfe2-4d73b82a68c3
468bd06c-cc44-4a8c-a443-84ff99f5557f
49d4b574-1876-492d-9e40-87125a4707d9
59575df7-3488-45ef-853d-39457f91d0b3
efdc98c1-f011-4173-bde4-025890c3d057
eecf698d-3564-4116-8af8-567fac69b3c4
e657c260-88a4-41df-b50d-0f28e0d8223f
e571ec68-b6ee-4368-afdf-165a871c124e
e3d05555-80b5-45da-a3d5-ad7be721b1a2
db710f5d-ade9-4f53-a1e2-85c3fb50dbb6
d8b023d7-aedd-488c-8db2-fe5972f9dc31
d7d01683-09e1-4651-872f-a24522e083e0
a6ab146b-c5bf-4803-a1f4-9773f7bda80d
77023301-e159-46c9-8706-7154a13b5c58
7b504fc2-c4b5-4c14-8382-ebcfad790fb1
7fadfbb6-ac24-4c27-b341-f7e5b40b2b16
87b27b3a-0906-40a5-a1a0-1fc2c077ee07
87f80bba-b1bd-43b3-bd1a-1cb3ffe88507
8a54f669-6c30-4d7e-bc59-f72dd20877b8
911bb26f-aeb4-483f-869e-353373d18e2e
9bd6aafb-d6ed-42a3-91b6-39dbe3df4bdd
a14fd8c6-91fa-4af5-84e9-efbe8db8527a
a471d529-f154-4b48-8ac8-82dd49bfaa9f
a7f4cb9f-f9c9-407e-910b-6b7e9455da85
a8246bce-181d-4352-a092-81d70516b255
b2381e8d-661a-4678-97b0-e5be5f1aed87
b2aaaf49-9c0e-4cad-a0f9-79a53e21f089
b4853907-b5d2-4b77-89a9-ff6c6114a5c7
b6d3bde3-56df-4103-8205-179ff33d153f
bf6df66c-6847-4833-91ec-034fe81f64f9
bff7d3de-fcf9-4af4-8583-a1c179749593
c50913e6-8fc5-4fa0-a220-c9dc3c483595
c6eb8999-6938-43f0-b0e1-f43bb54a4e5d
ca81f41c-acf3-496c-83e4-29ee48052fc4
d1531a70-f791-4dfd-a0af-0df7135adad5
d8d03eca-ddc3-4d43-8c92-a7d826633635
e1f0a205-46f9-47bf-bba8-86390ec2f481
eee824bb-c472-4318-b3e8-42f40f785379
ef72b800-c083-463a-a868-36f3abb6f733
f0967b57-1a4a-4bf7-ab93-4f55a83e764a
f47b8948-7a68-4511-ad96-798d6e3c9464
f539936b-fb14-4c75-a801-03b5311d1e22
f6a10612-a1b1-4c13-80d3-e1c45d9e2908
f9142543-86b3-4a27-9ce7-be773528fc5f
fd8e29b1-b2ae-4432-88fb-d73de24061c9
3a9d862b-65eb-473a-9c5a-f8f98f9e0bdb
db9c4d67-ffc2-426c-bcbc-a80e2f9560f6
16082572-8750-4732-9b66-dfe53c9b1556
16af4018-33d0-48a3-b726-4ecdad24875f
46c9644f-aef5-4c1d-8f74-24c5c7d79036
797c4675-c829-44dc-bae1-3acd58f48c3c
809ea81b-33e8-409e-a0b7-a72cce80e98b
23ac98c9-0b84-4e28-9e3a-bee5bbe29f88
78261bad-4d04-480a-8731-48767b6bc02b
170bfaa6-481a-4433-982a-23de14a067b8
1bdd29ba-be61-4c42-91b5-af83f1675114
212c9edb-758a-492d-98af-f8190db88756
32ead4b4-063a-47b5-9f1d-97234fe73800
3a0cfc52-3aed-493c-8f54-9c07ecc478ef
3e784491-51e9-4f22-a744-d30b26cc755f
47717f29-94d0-4b63-a0f5-ea73dbd0fa38
4f6112df-ac81-41c3-9112-d6147b596553
f264ffd6-54ec-42db-93d1-a2e1ba534ea5
ecbfa5d5-d488-40cf-951b-8e1d94c30676
e02816d7-26f4-47dd-911d-1c685194e02b
dcb5558c-5647-4bad-bdee-e1d26ea1c6fc
d1640392-0a37-477a-9d28-e80da9d9dd22
831a60e4-025d-46ef-b473-33b7f257018a
70c51e89-5003-4a09-9594-487399ed2643
66a4dff9-a4c1-45fd-b49d-f8aa15fbf2ea
6289e3d1-37ce-4635-9dc8-b3252310881e
1fba9ab2-386e-40ce-b63a-2b1c242283df
05dfe6a2-34d4-4bbe-8922-dd9f36e01371
01d58f1a-4114-43a2-b639-afcfdfde7987
eef52f0f-a253-4350-b210-795a3042d867
ec6d0912-0e0c-4006-b244-352e87c7df8c
e5c95f20-0ef6-4f5d-a696-1624ac968e29
b578d605-c10b-46b5-b234-6c01cbb2c2eb
dae352e7-9e62-4973-a043-69e3ec4f1db6
ca3aeaaf-1dbc-4fba-b8ac-1a3a0e1bd4b3
c848924c-e14b-43f1-aecb-aa101569a40f
c66d7856-53fb-4a4a-a2f9-80baea2ccb77
c45faa15-266a-4df4-9117-500e06804236
b8939662-7f6b-41de-bee0-2a068391893a
ac337ffa-802b-4c88-babb-4d91a4231523
a1763597-bfd3-473a-b58a-339dff84aa2c
9e8ab5b6-ae59-4e18-97c3-e746e5e66d85
99ec93fe-6a13-43ee-a7bb-8372093cb7f4
96d0a54f-f92e-40f7-af5f-1dfaff1a2c5a
7db915e5-67d7-4b77-80a8-b1499c7cf8ff
71275f74-1eaf-4154-b27c-e5ad64ec8191
6d7ea9d7-be7f-48bc-ba07-8cd158193901
63471431-060b-47e7-a514-d771711d27b7
542d9951-5bbd-477f-8a4b-6c3809451c4c
38189c15-2e4b-4656-9877-d2db8e09721a
3759d533-bf1f-4d69-868f-55fcb52d4f01
313f0e34-0d1a-47c1-b113-fac9476e3038
2864bb0b-fe95-4dd9-8211-308cf6b69db3
0d8670c4-43de-4f3b-b406-e14545c7bfac
0d80299b-5876-4db1-84c8-943eae2d5e2e
0bf2ae57-c649-449e-80ab-7775a4f56946
0b714138-488e-413e-bcc3-23570019cb4e
05cb64fb-d8ed-4a2d-9c7b-456fe0ed3bd3
0295ad29-0319-4bd2-a2b9-71b235b0d8c2
0037546f-6920-49c5-b340-da960c2756c7
d9303190-4df4-4de0-ad8c-f4fbc2bae314
cc67ecde-cd40-4799-8713-e62111f44e6c
cb85f09c-d896-45db-9bc5-c2cab8083df4
9166e705-760a-48ba-8cc1-24cc4061f60c
6705abbe-d12f-44de-8928-a929bb3911bd
5c7eff5c-e402-4068-a54c-97d34eebaa30
56afc8df-bf83-4ef8-a567-b75440f00091
486109be-9bfb-46d6-8b8e-c8a8fc00a555
344cbf87-84fe-4cb7-9053-bd5e28e14392
339c40f9-4b30-4baa-9594-3927d4d71222
eda3a71b-41ec-42b7-bb87-102a8c5d12a3
ee3646e6-ff24-4ea7-9712-4e93f3cce6a9
b1dbbedd-c482-4895-a62a-d27308961b24
9968d7fa-31b2-4cdc-8165-c27cb5ee47fd
82129ba9-3a7c-4633-b516-2d0984368bb9
798166e6-3025-47e8-b3ef-819fd360b7a3
5d426684-8d9d-4b8b-9b04-5057f93b5a01
28c94fe1-ac92-4801-9f59-b6f3b8918cc9
19475a3a-8f25-4e98-bded-8979b2e75bc9
08563b0a-7a43-410e-ba1f-01261284dc87
e36fd293-61bc-4375-a516-ce7092cca426
549b7d90-d5f5-41f9-aabb-0b438522edc4
59efd50c-a8c1-4ef6-8cff-5e6905f798e3
640b5242-b89c-40a0-ad3c-e52b5056ba55
71c9e6a6-3297-4b01-bf26-6d8b5d0c9128
73b69633-2010-4690-bd07-7ab25a4d538d
fce3e6c9-b22b-418c-bd37-cacfe4e15b2b
97b4af82-b033-4891-8503-d1ac023d9723
97c41faf-593a-4402-ab71-e0f966ea8c3c
a03f0729-7c60-4e75-b4eb-2b922bfc7428
bb011e6f-f96f-45c7-9584-b22a242e99c7
c3187ff5-c472-47e1-9bcd-aa994cc7a8f6
c8196f82-686e-49e2-9f85-3c7f2cb2177b
e12ecabf-05cb-440c-82e0-b3709877e472
fc5dd97e-385c-4d16-b788-6f989976d3fb
2c74c0b5-c64a-4e63-bc07-0c1f8b3b2214
2cfa7bc4-f59f-40c0-902f-93c94da86017
2ffc093e-cc44-404b-8b50-1ab5c93d4830
3c4c0584-8ead-4a1d-962d-2d0904c9e633
3e38c909-0dc2-44aa-932b-2362829ae3a9
4696d4fe-cafb-4e86-a572-36fc0ba709df
4ba80a12-9444-477f-8b3e-01e3ec0d8675
4eca189b-ad46-4678-9410-c0eb7daaea89
4ee9d59f-847d-4b06-960f-38e66ab04de0
5ed3d6e0-8f4f-4146-a54d-6f723f62d678
6bb0a6c4-85ef-405a-ac4a-d9699452c114
726f3546-8bcb-43f4-a0ee-e4a1aacef352
b06e3d19-283c-4a7a-a7f6-66d7b2c252b1
7672693d-2872-4679-b534-bb0e55b66d44
3b799672-59f8-4759-96bf-538fe94136e8
064185be-8a44-4531-b56b-5e324e4b9066
cd181eee-6e50-4421-bb86-beb07fa225f5
bec1962e-2f57-4962-86f3-1f3da864ca3c
2ec3ce74-c2aa-43a6-b830-f4f0861c7a19
1c2cb4f4-8677-44f6-ab82-8d831f9928a1
0bb93a47-d86c-4063-9a99-8052a62e7594
e8f050dc-864b-4edf-a518-2bc171f13ca6
bd90ed88-7fc9-4184-94fe-fe12b56c19d1
af4245a7-9c4a-4861-866f-ad1cec52b3f9
46c15d4e-5151-4747-ba99-7cb0e126fa09
08a193ac-7d6d-4d9c-8546-0c2c5c10b560
07715684-b605-49b3-9722-62b2813b5300
5972f56f-0c72-4436-bfd1-da04f4436d3f
5a5aa1d2-1271-4415-a5aa-ae6d16761f89
69f5e083-f25a-4d7c-a80a-d3661d82f52f
868c7457-e901-4391-9bbe-bbc320dd0301
9ce88c9b-0c46-4cae-8862-6173821113d2
ab2401d7-a69d-46d7-b998-cbf95d047b4c
b7ea1048-d561-46cd-a8ef-8b66012f6625
06deed51-5c7b-4aaf-8b72-8155fe8849d6
09178fb9-0dd8-426e-a0d2-4c542f39f940
0b6e9693-b6e3-4451-9d41-9fe2a61c3210
17ba05b7-16c0-4d43-a974-1f82856b8352
18c765df-92f7-4c6f-9dd3-48bb09a78e13
1df7c723-196e-468d-ba3c-b902047f6f5d
2009ea70-fa6e-45d3-83ed-9ba05adb69c3
cef42326-059d-49cc-b18e-aa3daec484bc
73aec043-eed2-4eb3-a02c-e6b74e4eb592
2188fa9f-802d-426f-bfe3-633114f9b68b
5e7acd31-b242-4f09-8a64-000af872d68f
2b71813e-fb00-4a8a-a60e-a67a46c81d2d
8f2e98e6-d6a3-464a-83dc-ecf4a58217d6
1d21922b-ec4f-42e5-8f6b-bf320a286157
b95fa84f-2328-4adc-aebe-9a214f741fa7
46699ab8-89f8-475e-9116-95265f5a11ee
4ac34ad0-fd4d-4a9d-b391-5a48a4881edf
8355a7b6-ab7d-4047-91fc-b7d8501dbf31
b76efec8-eb8a-4765-8d8e-c1afbf57e468
faa493c7-5e79-4587-a33d-eaa782c5a7a4
0a92d11d-01da-41fc-8ce7-3ff7b533e654
068ccc3b-a465-408f-95ab-234b3d833c8c
fdbbf02f-a461-4cba-a0ae-863518583b45
2428875d-c09b-479f-853d-a6da09abefd6
40555709-fdc8-4d4c-bffe-1d5897fdf9cb
a6b9d9b3-e357-4ac6-8cf6-cda398d525d8
bdb5d9d9-84a7-4b84-83cf-bf83f758c705
77e579c7-942c-4c4b-88b9-8f1bb7da0393
678f34f5-f8b7-46c0-a77b-2589489078e1
7bf6082d-bb8f-4291-a2cc-2ef91a1e85e4
64875edd-962e-4fb7-9c32-dfecd9bada2e
2c35ff92-cee8-4e14-8da7-f1f0b11174a6
70c0d395-aedf-46e7-9d1a-cd5f08025c7d
5ae99a8b-cf0a-4448-8255-77d5df65312a
e87b3585-c195-4ee4-b531-a919262816ce
f23f5ce0-44d4-4f7e-ab93-a9f5442d26c4
51f68b30-4d2d-4a22-a227-ee9878d0e9ea
8579a5d2-9bec-488d-82ab-38212ccc0d34
640aa193-3c74-4f87-b1c5-215a2d158b71
459c4ded-4687-485e-aa10-f957fabefdd1
c336d3ee-c8b3-46b5-a3f7-a934bbc2c3ce
bf653fa6-4651-416b-8991-045fb8a3da49
23937c1c-f1e0-497c-a34f-c2c6ce15e775
6a8f8966-bd29-43ff-ad81-7014467bbacd
aa55daf2-34f3-4f67-bcdb-d0ca57e0c5c4
91d4f3e3-3c16-4f22-bb09-aafd0350659f
546debd7-1f13-40fb-9153-07b25b3cc01b
eb4e998f-3d1b-4257-a591-91e863344f0d
e35bd251-e6c0-4ff1-9152-82369f9cbe4a
cb6fd377-8750-41bc-89c0-3f41602bae04
e08876a1-3f9c-46bf-b69a-3d88de1da725
9c4f5a70-109a-4554-aaeb-3fee60e7cafa
0f07e372-5f8b-4594-a576-8dedfa4a0e3f
eeb6e466-0dd9-42f5-a025-b64aa7dd39df
5f077b3b-13cc-4763-9a04-76289cf1f7a1
7b2d42ed-c624-407a-95a0-fd6d02a093cf
59cb688a-7c99-4c6a-81d3-560b49b67786
0e2c73a2-f1d8-4ecb-8606-933207d78dcc
a8a306b5-9cb1-4566-ba9c-6859b70ef9c6
384fc482-a19f-4b03-963b-fc6623cb0c1a
8c611f00-e373-4ebc-9ad9-0eee4208a0f6
180f9db2-5e1c-44fa-bdde-be451e7fb3c6
fe88a492-d55b-4b59-bf60-a396d5da7e66
89c0c86e-1b82-4b37-84c8-050578261a7f
32a82f1e-67b5-49fe-a693-9bf944f56999
04c0dbeb-5278-4a4d-ae78-768cd5312fba
653656bf-2616-4fea-8509-42b57e1d6068
58874c5c-616c-4f7b-9835-ae4de6c5bb37
69f58bef-525d-4704-830e-eb741edc59bf
949864b7-6514-46fe-8cdc-248585fff2fb
f3041fff-e7bc-4540-b417-8d2422ace1e3
fe4be130-ec52-4ef2-81ff-8b6106c980fd
1b32412c-a58c-420c-a9fe-5bee1641252d
c7413d9f-112e-4a26-bbd1-ae2711856629
c8e0d421-a4c7-43d4-aac9-aa13ca634c16
01b53c7b-8d26-405d-a5e3-fb49e0a77cb1
5d544eb3-cb2c-4204-bd8d-452341e52c8b
84c06668-8a1e-4629-90a3-051bba903f22
5e554b21-e125-465c-828b-2de1bd03d380
37aa870a-87cb-42a4-872f-f592ccd1177c
5c44da7b-3f48-4e40-8335-7a8218b0be12
7fce19d4-a055-4382-80fa-4443f2f9100f
9783acf3-c5f1-4b58-9d53-9afbba73c50f
dba6c78a-1bc1-4d4f-b75c-96b5b0e7fd30
4cbb92ee-16ba-466b-87f0-643903053cb6
a74f1b97-17f7-499b-84e7-6455e169e425
9c9b8d35-d59b-436a-a350-f581ea71a798
c2cc7b0a-b464-4fa2-8ea7-cd1ff07fb799
91049159-0dc0-4480-9c73-8e61150d167d
e1300bac-fe25-4121-9b5d-81aca8f27be3
1347d1d4-4dd3-4fb3-aa28-823199b71f11
4202fe75-aa54-406b-b185-1306a7e493f1
3137c601-aa81-45b5-9f39-ddb8d2dda4bc
2013c544-62e8-4485-ad4b-6e5ba5e373b9
ec89e6ff-c80f-48a4-8d3e-9c94869f8d64
a54af936-debc-4d74-901d-220690e218d5
efa37fe6-2b61-4859-954f-59f372cc261e
1b377081-cef1-412c-8e05-b11dff8187d8
e6459898-3b05-431d-aa46-c6c7c0c95faf
4484d4cd-3219-4e18-9a2d-4766fe25a36e
d6755da8-0bc1-408a-b391-3adb35959f04
86f93096-8d3d-4b68-ab63-175cc68257e6
89ff86d7-2d04-4c96-b945-ba56688906eb
bab3b04c-560a-43ee-a124-afdd7733a180
206fa9ca-4000-470a-a758-e5d0d4cfebab
8c9dbd87-3704-420f-bc4e-fce93b6c39dc
86526746-40dd-41d2-82c0-fbee3a2e93a2
d6f30634-a6a8-45b5-808e-210036f25044
a29ad492-29a2-44b9-8693-d27a8cc8e686
ad95a5c1-5e3e-4571-99a8-1090282a9757
2ad14e62-e0b1-4989-9333-6082177f61e8
6579744d-818c-4b26-839a-28a03edc0d98
42f52a87-e0a3-4dfa-8a0a-7c0aba69167d
4458bace-7dc2-4c64-9ec8-c5df75117dbd
d3651b8c-f560-48f7-a34e-26b0afc77d84
18754165-1daa-42ea-8c43-fef0e8cf4598
06085df7-7f1d-4f89-92f9-bb049171a798
07ee4648-d7f7-4179-90a4-b19e0adb8aab
0d7b5690-f06c-4052-a900-d96827505acc
0e2f3d49-0d8c-4ed6-8b77-24ab0e69f714
267ac680-b686-40d5-ac21-b1da57552476
27f26f17-2678-46bc-897d-8f8c8a6382fa
4f733984-edda-465f-b8fc-034eddd99fa5
505b9900-243c-49fc-98fd-560b78db31ae
75a966b7-a8d3-4e78-9e73-805c9a7cac26
7d183511-3acc-49a5-9f41-caccc37758c3
822893e1-e568-4379-b038-f672380c0e21
946b8b71-aade-467f-b1be-4800a48fdf0e
9a35f9db-2103-4ddc-a307-79aea7139722
9f3155f6-5008-47e8-b02f-f62fd62d846b
9fc521a8-e8ab-4364-8584-7db947bc5303
a7a94c97-787e-4424-956a-6d7b6a427daf
a8cfd3ca-34d6-44b4-8513-e3d9e02ffdd7
b3d49614-83ea-461a-9069-98c6f42b4c6a
b492265a-558d-4c47-88a5-a4e623353f50
c179e0fe-88d3-41d6-9820-ee89b029896f
c699c6d5-baa8-4854-94ae-7c97d3bbc5e7
cee8030a-e9a5-4aa0-9551-d70781eb66f5
d483f9e5-1c64-49ec-807d-e40254c4f23a
d973438a-3cf3-4a78-b225-930d1cd2b3c5
e57dd696-5992-4dc3-881b-96f66e135a44
f0bf2e8c-31aa-45ac-acd0-48819b9ee162
ec75d486-7a9b-4169-9411-a5f4f01c0f2d
b33e7627-895b-4232-9dc9-7a3638e7cecd
0004129a-b50e-4a99-a10d-35c386903cbb
0150e590-ca12-4e2b-9709-90510281c075
0784e1c2-aa0d-4de1-ad2d-7c4de93cbdf4
08bbc0ee-96c9-40f9-8a74-3b5ca4e720a2
0af2415e-307b-4744-99c1-364b820f6402
0c296cf4-fae3-485b-83e0-d2f2a10174e5
0c8cf933-89b7-46e1-a9e1-4d75861f1c47
0cd5637f-7d90-4975-a570-fb407ea38956
0e2f78dd-8239-4dfc-9982-dfccad40dd55
11800504-dbba-4ee6-b803-c1ff199d8e78
11e7b171-910c-4c0f-b9c3-8a664880b883
12636dbc-3716-4780-ae7b-550875a62ab3
12f3f989-8ffb-4f6b-b6c0-3565a0220a5f
1414fd3f-de83-4cdc-9f2e-1c7da25bc07e
183de933-0d86-42de-a2d3-7371209bcda6
18b26808-cda4-4c82-b4a0-3d9d2d0ad399
1b9741ef-c458-4da6-be48-e6add767e428
25537219-6e57-4b44-a98d-56a98d31634d
280b7d06-8c38-44c1-a6da-d1099c83d01f
2a0958e9-4af7-43c8-b0b8-1872f8258e73
2a194b48-60c7-4600-8f44-ac11f8b2baf2
2be0e3fa-4879-47f8-b5eb-2e8e05ece4ac
2fbe808b-a5a3-4479-ba1f-514a19df28b9
305fab9a-fa30-49f3-a762-8311afa84878
324334d5-4ab3-4555-a664-b308ffa0a0d2
352897f1-1587-48bd-b26e-980cb41964e4
37c57177-afe4-4c8b-83d4-49615456fb60
38071175-c5ce-4ef0-8ad1-33838012ee05
3872c93a-878c-43e5-911f-eede9450aece
38f9a18a-3fd7-4cde-84c3-135101277d34
39f4c37b-4409-4c21-990e-071e879c014d
3a869708-95c1-4839-873d-d8faacefd413
3b994382-f6fd-473d-aa5d-6557f427f0ba
3de55875-3e81-4034-8ef3-bd3db7c031df
4041d9f6-5b72-4502-a657-59dd6bcdac01
40b676a4-b92b-4391-bf08-a70120240055
420bb707-1879-407b-ac20-34335cee3451
42678b13-b1e5-42c4-b250-9de860d8ff46
44a5c821-36f5-448d-83da-8a4350f7887e
455a492c-93fd-41c5-833d-bd114ca04ec7
4880620b-b9e1-44b6-a7a6-b31189bc30fe
49644a0c-bf8f-40de-bd81-f5bb32084927
4b226424-902f-4906-a4ba-66b650869c5a
4b48e5cc-dd2a-432c-a165-68b724c78aa5
4e34e786-c275-4ca3-8905-633bd1a80cc2
4ec2a751-69c1-4630-ab23-554881cb92d8
5766a8b0-1878-4dba-bedb-351dd198d42f
583ba5e2-aae2-48d8-996a-93e0560740a6
59d95051-40c8-4393-81b8-c7167b7e596c
5a4fcaa9-6a5f-4888-bc5f-91061a2872d7
5b03fa3d-87be-4473-93ad-c7f1e8d54ace
5c21e9d3-e432-4914-b02e-ddb5759df43c
5dcc5b76-6dbe-4f24-bd62-b8650eabf9f7
623a9ff9-2582-456b-9f55-a66a0eff8f7c
630943e6-a857-42e1-89d4-201a9d8859d7
632b9b72-fb8a-4171-941e-86f40924b32d
658cf342-3f7b-4130-8476-0057838ce3b3
65ffabf8-65fe-4fb4-ab42-a15a79540f13
671852b7-c7b3-46a4-ab4d-4a4e93978bfc
67499146-af95-46a8-acf8-3b946619e75e
68c236b7-54cb-41a8-ba12-0c469ecee9d4
6955cdba-9a58-4e77-871e-45063a64c9a6
6b0a0279-7105-42f4-a68f-4ad1b82466bf
6c9489c9-cdbf-4ebf-a6e4-7401ba40936d
6cd26975-7e85-4984-adb4-8c86a1d95ff6
6ead7f96-9c2b-40da-8594-8664c79a3d98
71118f05-8695-4b73-8a1f-4b51f459733f
71f6d5e8-90cf-4adb-ad8d-30047a8fbac2
760184f6-c41c-48d3-a05a-f359950c83d0
78c26f3e-f2e8-475d-999d-ba58a0e71359
79287f09-a490-41b0-9a81-e607472adc65
7b9763f3-07f4-4271-926c-82503417c140
7bcb0a1f-b105-4dcf-b135-cacfeadbaff7
7cc2a3a3-af5c-44f2-89b1-1b8290ec0fae
8117ad08-8a3c-4611-b730-d7c37b2bfc25
81bbb12b-4eb6-4a99-877b-981d484517b2
8318ef65-6ee7-4a60-9fcd-ac10822009b9
84e10830-508d-4acb-b5d0-4c12cb19e0f2
87f6a77c-ef60-443f-8f42-f23b7144109c
885b7dbf-72d4-4428-9079-b387b1e5a58c
88e09b68-e387-4c91-9b7e-f130038cd7b0
88ffa10d-b7d4-42d6-baeb-d070bc47e385
8cd7695b-b1c7-4e38-8002-442ada15b7ab
8ce1dad6-524f-447c-a85c-cd347994471e
8d5b3229-6887-41d9-985d-82c0a30fdf1e
8eadb3f8-a8e5-4cc8-ae1b-25030ee2a67c
8f1e370b-d770-464a-ad17-53f9bc33565b
8fe36751-dfea-43ab-a8c7-6af2d90af4fc
951f3435-a1de-4ff3-92c9-503523af6be3
964c18bb-0089-42b3-855f-a8ad389eb41e
96942c55-3307-4787-8c31-ac33698dcb34
96b33dfa-a9b8-4384-90e4-055ccda7f3f7
96d69960-2ae7-4246-b7f0-c2bfa6f168a7
9720f604-d620-447d-9372-b6f56b381bae
97aea360-a0e3-4725-8874-b78788ae7849
9a93f4f9-9826-47b9-a2d3-10350fd16373
9b3e9530-e6a5-46ef-8ace-903c999d9606
9bd32f4e-0c51-4a9d-9fea-79a2e6993a19
9c4f4cd3-1228-4675-9b8d-7348ae23117c
9e0a2403-0b96-4b45-b706-035338919128
9f455df2-2fb1-47e6-ab30-4b8fdc3b767c
a08e610e-8293-48e7-bf5b-475f822034ce
a1acf53f-e7e7-4be5-bc63-af25180a2807
a2cce448-70c2-4033-a070-a9523d9f0581
a4e1e9db-7986-4787-95d8-a9e7988b9371
aa4cf86b-9d00-4268-9359-3e618aa27684
abe9559d-d725-42db-9184-8c23200687d0
abeead13-8c0f-47b6-8ca6-39e6c650eb5b
ad9585dc-8098-4f88-b412-858a0e3e1ce3
b0a87b2a-ce66-444b-86b6-4c0bc3e12100
b24b5e51-8c00-41f8-be95-1a7528b87af6
b2ed1e33-9b95-40a5-8dca-6ca7e7281fe7
b3e8cefa-cb27-4950-aad9-e2f6ca9131b4
b4cb7d19-b152-405f-bbb7-4d7bd1bfd0ed
b5235950-0b26-47a9-b84a-9efb03900623
b8657520-4d24-4b7d-a41a-16b5c79f78a1
b86771e4-91a3-4e04-b5c0-478b86ddcaeb
ba05fa77-7660-490b-a844-e875314a0b98
ba89e6e4-3287-4bb2-9adc-a9ffb07d7960
bb85ddd8-a2c3-4f82-88f6-ff03ee659a11
be82f2db-8437-4721-aebf-396f289182e4
be927427-9095-4590-b71d-d8a18db67568
c22cd110-6c86-40e9-b915-fdd208c74ca8
c30d16d2-2a6e-4712-96d3-2331cf704362
c5d93411-d43a-48e3-8fb4-f1ca7a0cd94c
c5ebb2bd-35fa-48f0-b48c-e34aa623ec03
c80c80c3-1e43-4aea-b782-b8e37dcef178
c8d6d867-d74b-4472-b804-be120e0e032e
ccf98b5e-6a03-4398-a322-0e2ebf1177d7
ce90b9a0-f0cf-4faa-975c-5c1127d85f53
cebcc08f-ed47-4822-9bb3-9a1c05959957
d02f2e17-1cd7-4102-a1a3-54b3b4c750c8
d05ee57a-09fe-40e4-9d02-e9b8bb3ef017
d641ec93-fd07-4071-aa7d-8489796e276a
d7ee59ab-8537-4607-a326-8987dff755a9
d8247752-8c3e-4dad-b3da-2406aa283c2b
da2f1863-50cf-4306-8fde-854d3a4d13f2
db759f7a-3b6d-4fa2-b230-75069a4c9298
de025e01-35f6-43c3-833d-4b1b0e5e037c
deb184fb-b605-4d93-be8c-e72b7776f1ae
df249e88-e216-4759-8262-09848522795d
dfa423d1-2284-4b49-b8b2-945b8781a399
e025f8aa-2511-49de-8d11-852b352342e2
e1112f7b-4180-4087-9f9b-a80cef8ee122
e1c03fd2-b236-41de-8f3d-e19351994d1c
e217ff08-f586-4e48-a50e-8a788f5c94ef
e229d8c6-d62a-4e10-93e3-0489e2700363
e4b4d63b-9d98-4b1f-aa70-ad3791719f87
e4d6e0cb-8d68-4e12-876c-c81512b1013a
eb55bbbb-f180-47a6-bc91-6dfa9f1f1a9e
ebe7b1cf-08ab-46f1-8b2d-772b4e2b99d4
ec22ff4b-d252-4801-bcf1-815d1938f0dd
f0391d3d-143c-47cc-8286-4740b9ae84f3
f4323f0a-47b2-472b-92d1-c09feef663b5
f50f4a27-4c5b-4cc0-b0d2-c14a4cf02db0
f5533e77-ed08-4845-bb8a-49c72b1ffe79
f5777709-63ef-4e13-8aca-0c1f11d2784f
f6ce4e4b-8e1b-4261-a156-ca09d0fde93f
f924756a-8e05-462a-8c22-d02bf21010d5
fa2dc848-f343-4308-8c71-c05b4e2e7d1c
fdf122e8-e3ad-4d8f-aed7-e674d65fb609
ff95249b-c52c-4440-bd8c-d7023557da6f
01bc8413-5efa-42c9-baa6-8972628182e3
0e9b3760-bdfc-4fa1-a99c-5ce8bcd12237
4208702f-32f4-44ad-8bee-6d810ec213a1
6d9c5a26-93c5-4df3-895c-497fb2c23be4
1cb21ba7-67a5-4d81-978b-d8e85ee985c7
5123dcc3-5811-4dda-af3f-440c50c0ba93
540313ec-e7c5-4e36-89f2-e7aabe5627e3
f08a0941-3e82-436b-a2e1-a54457e172b0
c110cab5-5096-4597-a09e-5990d2ef70c9
28535fc6-42a9-429b-8c52-67c44318979f
d361d918-198c-4b14-99ae-b90af8b5be4c
5cdd7194-35a3-4b89-8660-01b9b7c21be4
e5910031-42b9-4e50-b0f0-95e1b71a7d81
164d4fac-5a57-4364-8da6-55746aa39e9a
46812768-c6fb-48f7-9231-bfe12ccbffe6
39f86464-cc90-4350-8596-581cd9e1aadf
a493485d-5973-4722-9536-6c4758f5138a
b9752706-b7f5-4d85-96d8-01d01920e5a6
4bbd998b-b65a-467a-aad9-ea3e9b01be67
77adbc28-95da-4705-be03-70e1e960ada7
fbeb440d-ae60-4c11-9c6b-c3a20a159cc7
9f4a02bc-25ae-49a3-a7f0-122b196dab5a
1e9ca8c1-e56f-47f9-9eed-d1a8f96714e0
79e3729b-6220-4ebf-9ae0-6c1073f25299
81faea4f-c6fb-421a-9c66-0524e4ed8dc3
e62b5e6a-ff7f-48cb-b787-37a10ddd6263
4c62123c-f56f-4e8d-bd16-17d757cb2355
d5c7d27d-7679-4444-a568-3e5a3a1c36b1
303f635f-99d5-4ba7-bb07-b82e4314c4e5
b9b08091-1ad0-4467-88a0-57c1984fa8e5
cd3aa6f5-04c6-41d8-8682-31d5ba31b8f4
16a437e8-0686-4dfb-a29a-94b618112979
d8ead97c-727c-4afa-ac19-0d7d0c848e51
1b50a9b3-6a62-40b2-ae3c-17e57976e38c
d7539928-56b2-4f3d-b7c6-004f7aaee0ab
c37f2874-e9f2-4d3b-8679-c27ed8d1d979
6f616d57-b18f-4de9-a8bb-5ad68740909e
a9e7e680-9e8a-4555-add3-4a8922823ec6
6cc9174a-259d-45d6-a7f5-9af0589f052e
eeb92a93-73b8-40e8-b6ff-69bce9f18f7a
d34e37f0-902e-4220-8cb3-564f1b23b377
cf7929b0-f12d-4adc-891a-06d2f4f73e24
7c70edb5-e518-4f28-ba0f-3f199682f608
022d851a-48a2-4f14-bc8d-6cef722a2c36
31293655-1a3b-47cc-9fb9-ade80c123c55
d5b74a2f-1fc1-4bcb-ab72-ca4149d00984
b10ea356-f865-42af-8866-9f79b363eab0
320f808a-96ea-410e-94b1-ad4f64572be6
5b223a1e-fc90-46ed-8ea6-2c66a817306a
b1f27d1c-244a-410e-a361-931fac62a524
0220e6eb-df45-4e30-8781-d18c2ca939d5
651b60c2-6786-488b-aa96-c4897531a884
1ce83b2a-6d87-4522-8751-ed86d6906401
77048b84-b7b0-40e0-abe6-a8650a1afef6
1c6256d0-c120-4de1-817b-fb291732f8a4
98926e4b-d1c0-4af3-8804-ceffd9160350
42f7ca99-e7f3-40f7-93d7-f2500cccc315
c91f38d1-fdc2-481c-acb8-fb708e65b7a1
0dfa98dd-a89a-4244-bc9f-1875d105a613
b78d67ca-bd60-4bc6-956d-28c7b44ff983
1d57ea3c-1fa7-49f5-a203-eac188a385d4
8d1df6c4-a342-4b4d-aca7-1daff643ed0f
51c09d0f-fbc1-4491-9f54-9a48d87976c5
e591a756-6b99-4986-b8ce-f341bd47228f
25a0cbf6-1de9-4400-85ee-61c1c868ec09
9d5a54f6-f659-474a-8d27-1c61dc25834d
44826a96-ce65-476f-beab-95932cec3fba
c0aa52e1-ee9c-467e-b20b-89207bcbcf07
2ea4587f-f229-4036-b403-228c0659071d
71083e62-6107-4ac4-a0ee-8064962264d3
96a968f8-f9bb-4ff3-9109-1b523706eeef,vector
d08b2795-d192-4377-8056-eccef50296e6,grid
2f40fb8f-a9e7-4f5b-94e9-04fbfaa10676
10406465-e4d6-48f5-a721-6eb2d7860d2d
212972fd-2db1-4396-a6e4-8f6c36321a9c
2a8ddf6c-dfb9-4187-a66d-9bb15b15ea83
d6eee727-006c-4253-a123-073ba8f55528
1427d389-cd21-4fe2-8ed9-282d9bdcb7e2,textTable
6b39a910-6c77-476f-ac96-7b4f18849b1c,textTable
14828d0e-3cab-4477-af30-eab919d3451a
0b2ea1ff-dcdb-4d0f-9c7d-a51624486621
20f91eb2-b381-4dc1-b142-a4c0ed5ec6c7
2993deec-9c5c-4717-b19d-3b69a10f4b02
824d7d12-7fff-4ba6-83f7-24ce2fdab17a
71135871-a3f1-408f-bd34-21cd481fa4c8,grid
481d6d4d-a536-4df9-9e9c-7473cd2ed89e,vector
abc6a37f-72a2-47c3-9624-f8f535e84774,vector
078c2451-40ec-4416-9e7e-9a28a131ba23,vector
fb1c834b-5a59-44f4-8ed9-6585e826f88d,vector
af807664-bafe-4a37-b088-2a16f288cb06
a7119310-c5be-4a0b-8d1c-ab38947f5ae2
90ceae93-f796-4198-8867-bc5e599babde
61d56404-d78f-46b4-a25f-204ea155b727
a36158fa-60df-49e0-8ac0-f56e8c462d88
e8d67956-1fa8-4054-910e-5bece7a3bfac
60420fc5-f32c-4b92-8ac5-b4acb539b370
a27c8885-03b8-4f37-b807-a9b2a466bf61
befa609b-fefd-482f-a2dc-816ef09ae795
495b64f9-8077-4ecd-80ef-967fca3ad14f
860b84b2-de34-4962-a96e-ce9957660122
d25b348f-a8da-41fc-8141-bd29df155e9c
065581bf-fd52-4aad-aa82-fc510c074cab
fbb1584f-7f93-47e7-8001-16e3087bddea
1137004b-39bc-4b52-aefc-cc9328f1384b
8fd15e4e-e7b1-4566-81d1-1ff8947bfd46,vector
c6893289-f99c-4d03-a891-9de6805fa9ba
2b216a17-2b74-4d68-9187-1158691a2b0d
235358bf-2e14-447e-867e-4bf11c2b4e5e
cace513c-9506-4f20-8dd1-7a072034f5fe
2a5b3be9-bd0a-49bd-881c-d26ce4e86d16
2c75c627-3eb6-41ee-bb54-7b089eade484
3cb4845e-fa06-4fd2-87af-f66a7832f879
45a00be0-d572-4e42-be18-1bbaaf6c85ee
466ddecd-2701-4e97-84fb-df60bd5aca95
ca3ad618-b023-4f22-b3f2-e9de1bee92d3
d17afae5-9b6f-4bff-89bc-c10f4d43bf05
96620a10-8a9f-444d-b3d0-aa719eecdfac
0672060b-dae7-49b0-ac2f-bc2b6c45c3b8
13068032-2835-4e30-b698-92ac4636b455,textTable
fa4cfa49-8241-4d4e-8d4c-ea0399c7cafd,textTable
da5f96cb-459a-41c9-acf2-3625ba924873
ab4dea99-9827-46de-a240-5c22af506564,vector